change_id,target_id,target_name,target_agency,target_url,detected_at,severity,change_type,pct_text_changed,pct_content_changed,row_count_before,row_count_after,semantic_similarity,semantic_labels,keywords_removed,diff_text_preview,notes
1,ssa-press-releases,SSA Press Releases RSS Feed,SSA,https://www.ssa.gov/rss/mr.xml,2026-09-20T13:01:20.121585+00:00,HIGH,content_major,100.0,0.0,,,0.000,,,"--- before (2026-09-19)
+++ after (2026-09-20)
@@ -0,0 +1 @@
+Access Denied Access Denied You don't have permission to access ""http://www.ssa.gov/rss/mr.xml"" on this server. Reference #18.ac83017.1789909255.86c5dae8 https://errors.edgesuite.net/18.ac83017.1789909255.86c5dae8",Major content change: 100.0% text altered
2,ssa-public-use-data-index,SSA Public-Use Data Files (DKAN Catalog),SSA,https://www.ssa.gov/data/api/1/metastore/schemas/dataset/items?show-reference-ids,2026-09-20T13:01:20.122418+00:00,HIGH,content_major,100.0,0.5,,,0.000,,,"--- before (2026-09-19)
+++ after (2026-09-20)
@@ -0,0 +1,10 @@
+<HTML><HEAD>

+<TITLE>Access Denied</TITLE>

+</HEAD><BODY>

+<H1>Access Denied</H1>

+ 

+You don't have permission to access ""http&#58;&#47;&#47;www&#46;ssa&#46;gov&#47;data&#47;api&#47;1&#47;metastore&#47;schemas&#47;dataset&#47;items&#63;"" on this server.<P>

+Reference&#32;&#35;18&#46;ac83017&#46;1789909255&#46;86c5daea

+<P>https&#58;&#47;&#47;errors&#46;edgesuite&#46;net&#47;18&#46;ac83017&#46;1789909255&#46;86c5daea</P>

+<",Major content change: 100.0% text altered
3,ssa-bepuf-2020,SSA Benefits & Earnings Public-Use File 2020 (DKAN),SSA,https://www.ssa.gov/data/api/1/dataset/bepuf-2020,2026-09-20T13:01:20.122994+00:00,HIGH,content_major,100.0,0.5,,,0.000,,,"--- before (2026-09-19)
+++ after (2026-09-20)
@@ -0,0 +1,10 @@
+<HTML><HEAD>

+<TITLE>Access Denied</TITLE>

+</HEAD><BODY>

+<H1>Access Denied</H1>

+ 

+You don't have permission to access ""http&#58;&#47;&#47;www&#46;ssa&#46;gov&#47;data&#47;api&#47;1&#47;dataset&#47;bepuf&#45;2020"" on this server.<P>

+Reference&#32;&#35;18&#46;ac83017&#46;1789909255&#46;86c5daeb

+<P>https&#58;&#47;&#47;errors&#46;edgesuite&#46;net&#47;18&#46;ac83017&#46;1789909255&#46;86c5daeb</P>

+</BODY>

+</HTML>
",Major content change: 100.0% text altered
4,ssa-epuf,SSA Earnings Public-Use File (DKAN),SSA,https://www.ssa.gov/data/api/1/dataset/epuf,2026-09-20T13:01:20.123561+00:00,HIGH,content_major,100.0,0.5,,,0.000,,,"--- before (2026-09-19)
+++ after (2026-09-20)
@@ -0,0 +1,10 @@
+<HTML><HEAD>

+<TITLE>Access Denied</TITLE>

+</HEAD><BODY>

+<H1>Access Denied</H1>

+ 

+You don't have permission to access ""http&#58;&#47;&#47;www&#46;ssa&#46;gov&#47;data&#47;api&#47;1&#47;dataset&#47;epuf"" on this server.<P>

+Reference&#32;&#35;18&#46;dc83017&#46;1789909255&#46;8d97526

+<P>https&#58;&#47;&#47;errors&#46;edgesuite&#46;net&#47;18&#46;dc83017&#46;1789909255&#46;8d97526</P>

+</BODY>

+</HTML>
",Major content change: 100.0% text altered
5,ssa-ssi-microdata,SSA SSI Public-Use Microdata File (DKAN),SSA,https://www.ssa.gov/data/api/1/dataset/ssr,2026-09-20T13:01:20.124094+00:00,HIGH,content_major,100.0,1.0,,,0.000,,,"--- before (2026-09-19)
+++ after (2026-09-20)
@@ -0,0 +1,10 @@
+<HTML><HEAD>

+<TITLE>Access Denied</TITLE>

+</HEAD><BODY>

+<H1>Access Denied</H1>

+ 

+You don't have permission to access ""http&#58;&#47;&#47;www&#46;ssa&#46;gov&#47;data&#47;api&#47;1&#47;dataset&#47;ssr"" on this server.<P>

+Reference&#32;&#35;18&#46;dc83017&#46;1789909255&#46;8d974c4

+<P>https&#58;&#47;&#47;errors&#46;edgesuite&#46;net&#47;18&#46;dc83017&#46;1789909255&#46;8d974c4</P>

+</BODY>

+</HTML>
",Major content change: 100.0% text altered
6,ssa-disability-insurance-stats,SSA SSDI Annual Statistical Report (DKAN),SSA,https://www.ssa.gov/data/api/1/dataset/di_asr,2026-09-20T13:01:20.124639+00:00,HIGH,content_major,100.0,0.5,,,0.000,,,"--- before (2026-09-19)
+++ after (2026-09-20)
@@ -0,0 +1,10 @@
+<HTML><HEAD>

+<TITLE>Access Denied</TITLE>

+</HEAD><BODY>

+<H1>Access Denied</H1>

+ 

+You don't have permission to access ""http&#58;&#47;&#47;www&#46;ssa&#46;gov&#47;data&#47;api&#47;1&#47;dataset&#47;di&#95;asr"" on this server.<P>

+Reference&#32;&#35;18&#46;ac83017&#46;1789909255&#46;86c5dbcf

+<P>https&#58;&#47;&#47;errors&#46;edgesuite&#46;net&#47;18&#46;ac83017&#46;1789909255&#46;86c5dbcf</P>

+</BODY>

+</HTML>
",Major content change: 100.0% text altered
7,ssa-ssi-annual-stats,SSA SSI Annual Statistical Report (DKAN),SSA,https://www.ssa.gov/data/api/1/dataset/ssi_asr,2026-09-20T13:01:20.125138+00:00,HIGH,content_major,100.0,1.0,,,0.000,,,"--- before (2026-09-19)
+++ after (2026-09-20)
@@ -0,0 +1,10 @@
+<HTML><HEAD>

+<TITLE>Access Denied</TITLE>

+</HEAD><BODY>

+<H1>Access Denied</H1>

+ 

+You don't have permission to access ""http&#58;&#47;&#47;www&#46;ssa&#46;gov&#47;data&#47;api&#47;1&#47;dataset&#47;ssi&#95;asr"" on this server.<P>

+Reference&#32;&#35;18&#46;dc83017&#46;1789909255&#46;8d9760a

+<P>https&#58;&#47;&#47;errors&#46;edgesuite&#46;net&#47;18&#46;dc83017&#46;1789909255&#46;8d9760a</P>

+</BODY>

+</HTML>
",Major content change: 100.0% text altered
8,ssa-open-data-catalog,SSA Open Data Catalog (DKAN API),SSA,https://www.ssa.gov/data/api/1/metastore/schemas/dataset/items?show-reference-ids,2026-09-20T13:01:20.125667+00:00,HIGH,content_major,100.0,0.0,,,0.000,,,"--- before (2026-09-19)
+++ after (2026-09-20)
@@ -0,0 +1,10 @@
+<HTML><HEAD>

+<TITLE>Access Denied</TITLE>

+</HEAD><BODY>

+<H1>Access Denied</H1>

+ 

+You don't have permission to access ""http&#58;&#47;&#47;www&#46;ssa&#46;gov&#47;data&#47;api&#47;1&#47;metastore&#47;schemas&#47;dataset&#47;items&#63;"" on this server.<P>

+Reference&#32;&#35;18&#46;ac83017&#46;1789909255&#46;86c5db99

+<P>https&#58;&#47;&#47;errors&#46;edgesuite&#46;net&#47;18&#46;ac83017&#46;1789909255&#46;86c5db99</P>

+<",Major content change: 100.0% text altered
9,ssa-disability-benefits,SSA Sitemap (proxy for page availability),SSA,https://www.ssa.gov/sitemap.xml,2026-09-20T13:02:20.186810+00:00,HIGH,http_error,100.0,0.5,,,0.000,,,"--- before (2026-09-19)
+++ after (2026-09-20)
@@ -0,0 +1 @@
+Access Denied Access Denied You don't have permission to access ""http://www.ssa.gov/sitemap.xml"" on this server. Reference #18.dc83017.1789909255.8d9765a https://errors.edgesuite.net/18.dc83017.1789909255.8d9765a",HTTP status changed: 200 → 403
10,ssa-bluebook-listings,SSA Blue Book Listing of Impairments,SSA,https://www.ssa.gov/disability/professionals/bluebook/listing-impairments.htm,2026-09-20T13:02:25.393439+00:00,HIGH,http_error,100.0,0.0,,,0.000,,,"--- before (2026-09-19)
+++ after (2026-09-20)
@@ -0,0 +1 @@
+Access Denied Access Denied You don't have permission to access ""http://www.ssa.gov/disability/professionals/bluebook/listing-impairments.htm"" on this server. Reference #18.ac83017.1789909255.86c5dbcc https://errors.edgesuite.net/18.ac83017.1789909255.86c5dbcc",HTTP status changed: 200 → 403
11,cdc-soda-disability-catalog,CDC Open Data — Disability Dataset Catalog (SODA API),CDC,https://data.cdc.gov/api/views/metadata/v1?limit=100&searchContext=disability,2026-09-20T13:02:25.395306+00:00,HIGH,content_major,100.0,0.0,100,100,0.000,,,"--- before (2026-09-19)
+++ after (2026-09-20)
@@ -0,0 +1,1783 @@
+[ {

+  ""id"" : ""7xz4-qgju"",

+  ""name"" : ""Historical Averages of Pollen Season Timing and Concentrations for Select United States Cities, 2003-2024"",

+  ""attribution"" : ""National Allergy Bureau (NAB) and CDC/NCEH/DEHSP"",

+  ""attributionLink"" : ""https://pollen.aaaai.org/"",

+  ""category"" : ""National Center for Environmental Health"",

+  ""createdAt"" : ""2026-09-15T20:05:49+0000"",

+  ""dataUpdatedAt"" : ""2026-09-18T15:34:47+0000"",

",Major content change: 100.0% text altered
12,census-disability-tables,Census Bureau Disability Data Tables,Census,https://www.census.gov/topics/health/disability/data/tables.html,2026-09-20T13:02:25.398322+00:00,HIGH,content_major,100.0,0.0,,,0.000,,,"--- before (2026-09-19)
+++ after (2026-09-20)
@@ -0,0 +1 @@
+Disability Data Tables Disability Data Tables Skip Navigation Within Data Disability Data Tables Tables containing disability estimates from the American Community Survey (ACS) are available on data.census.gov . Many Tables available on www.census.gov are downloadable in XLS, CSV, and PDF file formats. Tables available in data.census.gov can be bookmarked/saved, printed and downloaded. The sources of the data published on census.gov a",Major content change: 100.0% text altered
13,census-disability-topic,Census Bureau Disability Topic Page,Census,https://www.census.gov/topics/health/disability.html,2026-09-20T13:02:25.398920+00:00,HIGH,content_major,100.0,0.0,,,0.000,,,"--- before (2026-09-19)
+++ after (2026-09-20)
@@ -0,0 +1 @@
+Disability Disability Skip Navigation Within Disability Disability The Census Bureau collects data on disability primarily through the American Community Survey (ACS) and the Survey of Income and Program Participation (SIPP). Featured Guidance for Disability Data Users Learn about subjects covered by the data and which data tool to use. Find out about handbooks, data users groups, and related topics. Disability Library Online collecti",Major content change: 100.0% text altered
14,census-sipp-disability,Census SIPP Datasets,Census,https://www.census.gov/programs-surveys/sipp/data/datasets.html,2026-09-20T13:02:25.399697+00:00,HIGH,content_major,100.0,0.5,64,64,0.000,,,"--- before (2026-09-19)
+++ after (2026-09-20)
@@ -0,0 +1 @@
+Survey of Income and Program Participation Datasets Income, Poverty and Health Insurance Join us today at 10 am ET for a live webinar announcing new Income, Poverty and Health Insurance estimates for the nation. Survey of Income and Program Participation Datasets Skip Navigation Within Data Survey of Income and Program Participation Datasets Access SIPP data by year (2018-2025) or panel/wave (1984-2014) in the tabbed lists below. For ",Major content change: 100.0% text altered
15,nichd-disability-research,NICHD Disability Research (tombstone — 404 as of 2026-03),NIH,https://www.nichd.nih.gov/research/supported/disability,2026-09-20T13:02:25.400257+00:00,CRITICAL,http_error,0.0,0.0,,,0.000,,,"--- before (2026-09-19)
+++ after (2026-09-20)
@@ -0,0 +1 @@
+Page Not Found | NICHD - Eunice Kennedy Shriver National Institute of Child Health and Human Development Skip to main content NIH Websites Are Changing NIH is moving the launch of its new website to the fall to ensure the best possible experience for everyone who relies on our websites for health information, research, funding opportunities, and other resources. Get the Latest Updates and FAQs Breadcrumb Share Instagram Print Page Not",HTTP 404 — page removed or inaccessible
16,nichd-research-programs,NICHD Research Programs,NIH,https://www.nichd.nih.gov/research/supported,2026-09-20T13:02:25.933763+00:00,CRITICAL,http_error,0.0,0.0,822,822,0.000,,,"--- before (2026-09-19)
+++ after (2026-09-20)
@@ -0,0 +1 @@
+Page Not Found | NICHD - Eunice Kennedy Shriver National Institute of Child Health and Human Development Skip to main content NIH Websites Are Changing NIH is moving the launch of its new website to the fall to ensure the best possible experience for everyone who relies on our websites for health information, research, funding opportunities, and other resources. Get the Latest Updates and FAQs Breadcrumb Share Instagram Print Page Not",HTTP 404 — page removed or inaccessible
17,nih-nidcd-data,NIH NIDCD Hearing/Disability Quick Statistics,NIH,https://www.nidcd.nih.gov/health/statistics/quick-statistics-hearing,2026-09-20T13:02:32.424344+00:00,HIGH,content_major,100.0,0.0,,,0.000,,,"--- before (2026-09-19)
+++ after (2026-09-20)
@@ -0,0 +1 @@
+Quick Statistics About Hearing, Balance, & Dizziness | NIDCD Skip to main content Official websites use .gov A .gov website belongs to an official government organization in the United States. Secure .gov websites use HTTPS A lock ( ) or https:// means you've safely connected to the .gov website. Share sensitive information only on official, secure websites. NIH Websites Are Changing NIH is moving the launch of its new website to the ",Major content change: 100.0% text altered
18,acl-data-research,ACL Aging and Disability Data and Research,ACL,https://acl.gov/aging-and-disability-in-america/data-and-research,2026-09-20T13:02:32.425158+00:00,HIGH,content_major,100.0,0.0,,,0.000,,,"--- before (2026-09-19)
+++ after (2026-09-20)
@@ -0,0 +1 @@
+Data and Research | ACL Administration for Community Living Skip to main content Official websites use .gov A .gov website belongs to an official government organization in the United States. Secure .gov websites use HTTPS A lock ( ) or https:// means you’ve safely connected to the .gov website. Share sensitive information only on official, secure websites. Find Help Announcements A - Z Browse Search MENU Menu × Home Data, Research & ",Major content change: 100.0% text altered
19,acl-programs,ACL Programs Directory,ACL,https://acl.gov/programs,2026-09-20T13:02:32.425818+00:00,HIGH,content_major,100.0,0.0,264,264,0.000,,,"--- before (2026-09-19)
+++ after (2026-09-20)
@@ -0,0 +1 @@
+Program and Policy Areas | ACL Administration for Community Living Skip to main content Official websites use .gov A .gov website belongs to an official government organization in the United States. Secure .gov websites use HTTPS A lock ( ) or https:// means you’ve safely connected to the .gov website. Share sensitive information only on official, secure websites. Find Help Announcements A - Z Browse Search MENU Menu × Home Program an",Major content change: 100.0% text altered
20,nci-data-portal,National Core Indicators Data Files,ACL,https://www.nationalcoreindicators.org/resources/data/,2026-09-20T13:02:32.426554+00:00,CRITICAL,external_redirect,0.0,0.0,84,84,0.000,,,"--- before (2026-09-19)
+++ after (2026-09-20)
@@ -0,0 +1 @@
+Resources | National Core Indicators National Core Indicators State Login Login » Username Password Forgot Password Old Homepage About Overview Indicators Mission History Staff NCI States Alabama Alaska Arizona Arkansas California Colorado Connecticut Delaware Florida Georgia Hawaii Idaho Illinois Indiana Kansas Kentucky Louisiana Maine Maryland Massachusetts Michigan Minnesota Mississippi Missouri Montana Nebraska Nevada New Hampshir",Redirected to non-.gov: https://legacy.nationalcoreindicators.org/resources/data
21,acl-home,ACL Homepage,ACL,https://acl.gov/,2026-09-20T13:02:38.857976+00:00,HIGH,content_major,100.0,0.0,,,0.000,,,"--- before (2026-09-19)
+++ after (2026-09-20)
@@ -0,0 +1 @@
+Home Page | ACL Administration for Community Living Skip to main content Official websites use .gov A .gov website belongs to an official government organization in the United States. Secure .gov websites use HTTPS A lock ( ) or https:// means you’ve safely connected to the .gov website. Share sensitive information only on official, secure websites. Find Help Announcements A - Z Browse Search MENU Menu × Advancing Community Living for",Major content change: 100.0% text altered
22,dol-odep-statistics,DOL ODEP Disability Statistics,DOL,https://www.dol.gov/agencies/odep/research-evaluation/statistics,2026-09-20T13:02:38.858670+00:00,HIGH,content_major,100.0,0.0,,,0.000,,,"--- before (2026-09-19)
+++ after (2026-09-20)
@@ -0,0 +1 @@
+Disability Employment Statistics | U.S. Department of Labor Skip to main content",Major content change: 100.0% text altered
23,bls-disability-release-toc,BLS Disability Employment News Release (TOC),BLS,https://www.bls.gov/news.release/disabl.toc.htm,2026-09-20T13:03:38.922334+00:00,HIGH,http_error,100.0,0.0,,,0.000,,,"--- before (2026-09-19)
+++ after (2026-09-20)
@@ -0,0 +1 @@
+Access Denied Bureau of Labor Statistics Access Denied The BLS is committed to providing data promptly and according to established schedules. Automated retrieval programs (commonly called ""robots"" or ""bots"") can cause delays and interfere with other customers' timely access to information. Therefore, bot activity that doesn't conform to BLS usage policy is prohibited. We apologize for any inconvenience. If you believe we have made an",HTTP status changed: 200 → 403
24,bls-disability-data-tables,BLS Disability Employment Data Tables,BLS,https://www.bls.gov/news.release/disabl.nr0.htm,2026-09-20T13:04:38.984705+00:00,HIGH,content_major,100.0,0.0,,,0.000,,,"--- before (2026-09-19)
+++ after (2026-09-20)
@@ -0,0 +1 @@
+Access Denied Bureau of Labor Statistics Access Denied The BLS is committed to providing data promptly and according to established schedules. Automated retrieval programs (commonly called ""robots"" or ""bots"") can cause delays and interfere with other customers' timely access to information. Therefore, bot activity that doesn't conform to BLS usage policy is prohibited. We apologize for any inconvenience. If you believe we have made an",Major content change: 100.0% text altered
25,bls-disability-flat-files,BLS Employment Level — With Disability (CPS Series LNU02074593),BLS,https://api.bls.gov/publicAPI/v2/timeseries/data/LNU02074593?startyear=2023&endyear=2025,2026-09-20T13:04:38.985410+00:00,HIGH,content_major,100.0,0.0,4,4,0.000,,,"--- before (2026-09-19)
+++ after (2026-09-20)
@@ -0,0 +1,4 @@
+{""status"":""REQUEST_SUCCEEDED"",""responseTime"":11,""message"":[],""Results"":{

+""series"":

+[{""seriesID"":""LNU02074593"",""data"":[{""year"":""2025"",""period"":""M12"",""periodName"":""December"",""value"":""155260"",""footnotes"":[{}]},{""year"":""2025"",""period"":""M11"",""periodName"":""November"",""value"":""155143"",""footnotes"":[{}]},{""year"":""2025"",""period"":""M10"",""periodName"":""October"",""value"":""-"",""footnotes"":[{""code"":""9"",""text"":""Data unavailable due to the 2025 lapse",Major content change: 100.0% text altered
26,askjan-home,Job Accommodation Network Homepage,JAN,https://askjan.org/,2026-09-20T13:04:38.986012+00:00,HIGH,content_major,100.0,0.0,,,0.000,,,"--- before (2026-09-19)
+++ after (2026-09-20)
@@ -0,0 +1 @@
+JAN - Job Accommodation Network Skip to main navigation Skip to search Skip to content Open Search Close Search Search the site: Click to Search Contact Open Close Employers Individuals Toolkit A to Z Situations & Solutions Finder MyJAN Publications Training About JAN Search the site: Search Information By Role Toolkit A to Z of Disabilities & Accommodations ADA Library Situations & Solutions Finder MyJAN Publications Training About J",Major content change: 100.0% text altered
27,askjan-a-to-z,JAN A-to-Z Disability Index,JAN,https://askjan.org/a-to-z.cfm,2026-09-20T13:04:38.986820+00:00,HIGH,content_major,100.0,0.0,,,0.000,,,"--- before (2026-09-19)
+++ after (2026-09-20)
@@ -0,0 +1 @@
+A to Z of Disabilities and Accommodations Close Menu Close A to Z of Disabilities and Accommodations home If you are looking for information on job accommodations, the Americans with Disabilities Act or Rehabilitation Act, or topics related to disability employment, see the listings below for various topics covered by JAN. JAN provides the following A to Z listings by disability, topic, and limitation. This information is designed to ",Major content change: 100.0% text altered
28,ofccp-section503,OFCCP Section 503 Disability Page,DOL,https://www.dol.gov/agencies/ofccp/disability,2026-09-20T13:04:38.987609+00:00,CRITICAL,http_error,0.0,0.0,,,0.000,,,"--- before (2026-09-19)
+++ after (2026-09-20)
@@ -0,0 +1 @@
+Page Not Found | U.S. Department of Labor Skip to main content",HTTP 404 — page removed or inaccessible
29,ed-idea-data,IDEA Data Center,ED,https://sites.ed.gov/idea/data/,2026-09-20T13:04:39.465227+00:00,HIGH,content_major,100.0,0.0,3,3,0.000,,,"--- before (2026-09-19)
+++ after (2026-09-20)
@@ -0,0 +1 @@
+Data - Individuals with Disabilities Education Act Skip to content Official websites use .gov A .gov website belongs to an official government organization in the United States. Secure .gov websites use HTTPS A lock ( ) or https:// means you’ve safely connected to the .gov website. Share sensitive information only on official, secure websites. Home » Data A A A The Individuals with Disabilities Education Act (IDEA) requires the U.S. D",Major content change: 100.0% text altered
30,ed-disability-page,ED Office of Special Education Programs,ED,https://www.ed.gov/about/offices/list/osers/osep/index.html,2026-09-20T13:04:39.466302+00:00,HIGH,gov_redirect,100.0,0.0,,,0.000,,,"--- before (2026-09-19)
+++ after (2026-09-20)
@@ -0,0 +1 @@
+Office of Special Education Programs (OSEP) | U.S. Department of Education Skip to main content Official websites use .gov A .gov website belongs to an official government organization in the United States. Secure .gov websites use HTTPS A lock ( ) or https:// means you’ve safely connected to the .gov website. Share sensitive information only on official, secure websites. Office of Special Education Programs (OSEP) The Office of Speci",Page now redirects within .gov: https://www.ed.gov/about/ed-offices/osers/osep
31,hhs-disability-page,HHS Disability Topic Page,HHS,https://www.hhs.gov/programs/topic-sites/disability/index.html,2026-09-20T13:05:35.058640+00:00,HIGH,content_major,100.0,0.0,,,0.000,,,"--- before (2026-09-19)
+++ after (2026-09-20)
@@ -0,0 +1 @@
+Access Denied Access Denied You don't have permission to access ""http://www.hhs.gov/programs/topic-sites/disability/index.html"" on this server. Reference #18.c90c0317.1789909260.8dfd3cd5 https://errors.edgesuite.net/18.c90c0317.1789909260.8dfd3cd5",Major content change: 100.0% text altered
32,hhs-section504,HHS Section 504 Civil Rights (Disability),HHS,https://www.hhs.gov/civil-rights/for-individuals/disability/index.html,2026-09-20T13:05:40.126848+00:00,HIGH,content_major,100.0,0.0,,,0.000,,,"--- before (2026-09-19)
+++ after (2026-09-20)
@@ -0,0 +1 @@
+Access Denied Access Denied You don't have permission to access ""http://www.hhs.gov/civil-rights/for-individuals/disability/index.html"" on this server. Reference #18.c90c0317.1789909260.8dfd3d36 https://errors.edgesuite.net/18.c90c0317.1789909260.8dfd3d36",Major content change: 100.0% text altered
33,hhs-open-data-catalog,HHS Open Data Catalog (data.json),HHS,https://www.hhs.gov/data.json,2026-09-20T13:05:40.127554+00:00,HIGH,content_major,100.0,0.0,,,0.000,,,"--- before (2026-09-19)
+++ after (2026-09-20)
@@ -0,0 +1,10 @@
+<HTML><HEAD>

+<TITLE>Access Denied</TITLE>

+</HEAD><BODY>

+<H1>Access Denied</H1>

+ 

+You don't have permission to access ""http&#58;&#47;&#47;www&#46;hhs&#46;gov&#47;data&#46;json"" on this server.<P>

+Reference&#32;&#35;18&#46;c90c0317&#46;1789909260&#46;8dfd3e08

+<P>https&#58;&#47;&#47;errors&#46;edgesuite&#46;net&#47;18&#46;c90c0317&#46;1789909260&#46;8dfd3e08</P>

+</BODY>

+</HTML>
",Major content change: 100.0% text altered
34,ssa-press-releases,SSA Press Releases RSS Feed,SSA,https://www.ssa.gov/rss/mr.xml,2026-09-21T15:04:43.589879+00:00,HIGH,content_major,100.0,0.5,,,0.000,,,"--- before (2026-09-20)
+++ after (2026-09-21)
@@ -0,0 +1 @@
+Access Denied Access Denied You don't have permission to access ""http://www.ssa.gov/rss/mr.xml"" on this server. Reference #18.8ba5dc17.1790002964.652a1e1f https://errors.edgesuite.net/18.8ba5dc17.1790002964.652a1e1f",Major content change: 100.0% text altered
35,ssa-public-use-data-index,SSA Public-Use Data Files (DKAN Catalog),SSA,https://www.ssa.gov/data/api/1/metastore/schemas/dataset/items?show-reference-ids,2026-09-21T15:04:43.590404+00:00,HIGH,content_major,100.0,0.5,,,0.000,,,"--- before (2026-09-20)
+++ after (2026-09-21)
@@ -0,0 +1,10 @@
+<HTML><HEAD>

+<TITLE>Access Denied</TITLE>

+</HEAD><BODY>

+<H1>Access Denied</H1>

+ 

+You don't have permission to access ""http&#58;&#47;&#47;www&#46;ssa&#46;gov&#47;data&#47;api&#47;1&#47;metastore&#47;schemas&#47;dataset&#47;items&#63;"" on this server.<P>

+Reference&#32;&#35;18&#46;8ba5dc17&#46;1790002964&#46;652a1e1b

+<P>https&#58;&#47;&#47;errors&#46;edgesuite&#46;net&#47;18&#46;8ba5dc17&#46;1790002964&#46;652a1e1b</P>

",Major content change: 100.0% text altered
36,ssa-bepuf-2020,SSA Benefits & Earnings Public-Use File 2020 (DKAN),SSA,https://www.ssa.gov/data/api/1/dataset/bepuf-2020,2026-09-21T15:04:43.590778+00:00,HIGH,content_major,100.0,0.5,,,0.000,,,"--- before (2026-09-20)
+++ after (2026-09-21)
@@ -0,0 +1,10 @@
+<HTML><HEAD>

+<TITLE>Access Denied</TITLE>

+</HEAD><BODY>

+<H1>Access Denied</H1>

+ 

+You don't have permission to access ""http&#58;&#47;&#47;www&#46;ssa&#46;gov&#47;data&#47;api&#47;1&#47;dataset&#47;bepuf&#45;2020"" on this server.<P>

+Reference&#32;&#35;18&#46;92a5dc17&#46;1790002964&#46;61a3603a

+<P>https&#58;&#47;&#47;errors&#46;edgesuite&#46;net&#47;18&#46;92a5dc17&#46;1790002964&#46;61a3603a</P>

+</BODY>

+</HTML>
",Major content change: 100.0% text altered
37,ssa-epuf,SSA Earnings Public-Use File (DKAN),SSA,https://www.ssa.gov/data/api/1/dataset/epuf,2026-09-21T15:04:43.591153+00:00,HIGH,content_major,100.0,1.0,,,0.000,,,"--- before (2026-09-20)
+++ after (2026-09-21)
@@ -0,0 +1,10 @@
+<HTML><HEAD>

+<TITLE>Access Denied</TITLE>

+</HEAD><BODY>

+<H1>Access Denied</H1>

+ 

+You don't have permission to access ""http&#58;&#47;&#47;www&#46;ssa&#46;gov&#47;data&#47;api&#47;1&#47;dataset&#47;epuf"" on this server.<P>

+Reference&#32;&#35;18&#46;92a5dc17&#46;1790002964&#46;61a36016

+<P>https&#58;&#47;&#47;errors&#46;edgesuite&#46;net&#47;18&#46;92a5dc17&#46;1790002964&#46;61a36016</P>

+</BODY>

+</HTML>
",Major content change: 100.0% text altered
38,ssa-ssi-microdata,SSA SSI Public-Use Microdata File (DKAN),SSA,https://www.ssa.gov/data/api/1/dataset/ssr,2026-09-21T15:04:43.591499+00:00,HIGH,content_major,100.0,1.0,,,0.000,,,"--- before (2026-09-20)
+++ after (2026-09-21)
@@ -0,0 +1,10 @@
+<HTML><HEAD>

+<TITLE>Access Denied</TITLE>

+</HEAD><BODY>

+<H1>Access Denied</H1>

+ 

+You don't have permission to access ""http&#58;&#47;&#47;www&#46;ssa&#46;gov&#47;data&#47;api&#47;1&#47;dataset&#47;ssr"" on this server.<P>

+Reference&#32;&#35;18&#46;92a5dc17&#46;1790002964&#46;61a35ffd

+<P>https&#58;&#47;&#47;errors&#46;edgesuite&#46;net&#47;18&#46;92a5dc17&#46;1790002964&#46;61a35ffd</P>

+</BODY>

+</HTML>
",Major content change: 100.0% text altered
39,ssa-disability-insurance-stats,SSA SSDI Annual Statistical Report (DKAN),SSA,https://www.ssa.gov/data/api/1/dataset/di_asr,2026-09-21T15:04:43.591865+00:00,HIGH,content_major,100.0,0.5,,,0.000,,,"--- before (2026-09-20)
+++ after (2026-09-21)
@@ -0,0 +1,10 @@
+<HTML><HEAD>

+<TITLE>Access Denied</TITLE>

+</HEAD><BODY>

+<H1>Access Denied</H1>

+ 

+You don't have permission to access ""http&#58;&#47;&#47;www&#46;ssa&#46;gov&#47;data&#47;api&#47;1&#47;dataset&#47;di&#95;asr"" on this server.<P>

+Reference&#32;&#35;18&#46;8ba5dc17&#46;1790002965&#46;652a1e5c

+<P>https&#58;&#47;&#47;errors&#46;edgesuite&#46;net&#47;18&#46;8ba5dc17&#46;1790002965&#46;652a1e5c</P>

+</BODY>

+</HTML>
",Major content change: 100.0% text altered
40,ssa-ssi-annual-stats,SSA SSI Annual Statistical Report (DKAN),SSA,https://www.ssa.gov/data/api/1/dataset/ssi_asr,2026-09-21T15:04:43.592223+00:00,HIGH,content_major,100.0,1.0,,,0.000,,,"--- before (2026-09-20)
+++ after (2026-09-21)
@@ -0,0 +1,10 @@
+<HTML><HEAD>

+<TITLE>Access Denied</TITLE>

+</HEAD><BODY>

+<H1>Access Denied</H1>

+ 

+You don't have permission to access ""http&#58;&#47;&#47;www&#46;ssa&#46;gov&#47;data&#47;api&#47;1&#47;dataset&#47;ssi&#95;asr"" on this server.<P>

+Reference&#32;&#35;18&#46;8ba5dc17&#46;1790002965&#46;652a1e69

+<P>https&#58;&#47;&#47;errors&#46;edgesuite&#46;net&#47;18&#46;8ba5dc17&#46;1790002965&#46;652a1e69</P>

+</BODY>

+</HTML>
",Major content change: 100.0% text altered
41,ssa-open-data-catalog,SSA Open Data Catalog (DKAN API),SSA,https://www.ssa.gov/data/api/1/metastore/schemas/dataset/items?show-reference-ids,2026-09-21T15:04:43.592618+00:00,HIGH,content_major,100.0,0.5,,,0.000,,,"--- before (2026-09-20)
+++ after (2026-09-21)
@@ -0,0 +1,10 @@
+<HTML><HEAD>

+<TITLE>Access Denied</TITLE>

+</HEAD><BODY>

+<H1>Access Denied</H1>

+ 

+You don't have permission to access ""http&#58;&#47;&#47;www&#46;ssa&#46;gov&#47;data&#47;api&#47;1&#47;metastore&#47;schemas&#47;dataset&#47;items&#63;"" on this server.<P>

+Reference&#32;&#35;18&#46;8ba5dc17&#46;1790002965&#46;652a1e58

+<P>https&#58;&#47;&#47;errors&#46;edgesuite&#46;net&#47;18&#46;8ba5dc17&#46;1790002965&#46;652a1e58</P>

",Major content change: 100.0% text altered
42,ssa-disability-benefits,SSA Sitemap (proxy for page availability),SSA,https://www.ssa.gov/sitemap.xml,2026-09-21T15:05:03.908206+00:00,HIGH,content_major,100.0,1.1,,,0.000,,,"--- before (2026-09-20)
+++ after (2026-09-21)
@@ -0,0 +1 @@
+[CDX proxy] digest= ts=20081018142859",Major content change: 100.0% text altered
43,ssa-bluebook-listings,SSA Blue Book Listing of Impairments,SSA,https://www.ssa.gov/disability/professionals/bluebook/listing-impairments.htm,2026-09-21T15:05:09.853943+00:00,HIGH,content_major,100.0,0.5,,,0.000,,,"--- before (2026-09-20)
+++ after (2026-09-21)
@@ -0,0 +1 @@
+[CDX proxy] digest= ts=20030608115407",Major content change: 100.0% text altered
44,cdc-soda-disability-catalog,CDC Open Data — Disability Dataset Catalog (SODA API),CDC,https://data.cdc.gov/api/views/metadata/v1?limit=100&searchContext=disability,2026-09-21T15:05:09.855832+00:00,HIGH,content_major,100.0,0.0,100,100,0.000,,,"--- before (2026-09-20)
+++ after (2026-09-21)
@@ -0,0 +1,1783 @@
+[ {

+  ""id"" : ""7xz4-qgju"",

+  ""name"" : ""Historical Averages of Pollen Season Timing and Concentrations for Select United States Cities, 2003-2024"",

+  ""attribution"" : ""National Allergy Bureau (NAB) and CDC/NCEH/DEHSP"",

+  ""attributionLink"" : ""https://pollen.aaaai.org/"",

+  ""category"" : ""National Center for Environmental Health"",

+  ""createdAt"" : ""2026-09-15T20:05:49+0000"",

+  ""dataUpdatedAt"" : ""2026-09-18T15:34:47+0000"",

",Major content change: 100.0% text altered
45,census-disability-tables,Census Bureau Disability Data Tables,Census,https://www.census.gov/topics/health/disability/data/tables.html,2026-09-21T15:05:09.858313+00:00,HIGH,content_major,100.0,0.0,,,0.000,,,"--- before (2026-09-20)
+++ after (2026-09-21)
@@ -0,0 +1 @@
+Disability Data Tables Disability Data Tables Skip Navigation Within Data Disability Data Tables Tables containing disability estimates from the American Community Survey (ACS) are available on data.census.gov . Many Tables available on www.census.gov are downloadable in XLS, CSV, and PDF file formats. Tables available in data.census.gov can be bookmarked/saved, printed and downloaded. The sources of the data published on census.gov a",Major content change: 100.0% text altered
46,census-disability-topic,Census Bureau Disability Topic Page,Census,https://www.census.gov/topics/health/disability.html,2026-09-21T15:05:09.858709+00:00,HIGH,content_major,100.0,0.0,,,0.000,,,"--- before (2026-09-20)
+++ after (2026-09-21)
@@ -0,0 +1 @@
+Disability Disability Skip Navigation Within Disability Disability The Census Bureau collects data on disability primarily through the American Community Survey (ACS) and the Survey of Income and Program Participation (SIPP). Featured Guidance for Disability Data Users Learn about subjects covered by the data and which data tool to use. Find out about handbooks, data users groups, and related topics. Disability Library Online collecti",Major content change: 100.0% text altered
47,census-sipp-disability,Census SIPP Datasets,Census,https://www.census.gov/programs-surveys/sipp/data/datasets.html,2026-09-21T15:05:09.859267+00:00,HIGH,content_major,100.0,0.0,64,64,0.000,,,"--- before (2026-09-20)
+++ after (2026-09-21)
@@ -0,0 +1 @@
+Survey of Income and Program Participation Datasets Income, Poverty and Health Insurance Join us today at 10 am ET for a live webinar announcing new Income, Poverty and Health Insurance estimates for the nation. Survey of Income and Program Participation Datasets Skip Navigation Within Data Survey of Income and Program Participation Datasets Access SIPP data by year (2018-2025) or panel/wave (1984-2014) in the tabbed lists below. For ",Major content change: 100.0% text altered
48,nichd-disability-research,NICHD Disability Research (tombstone — 404 as of 2026-03),NIH,https://www.nichd.nih.gov/research/supported/disability,2026-09-21T15:05:09.859649+00:00,CRITICAL,http_error,0.0,0.0,,,0.000,,,"--- before (2026-09-20)
+++ after (2026-09-21)
@@ -0,0 +1 @@
+Page Not Found | NICHD - Eunice Kennedy Shriver National Institute of Child Health and Human Development Skip to main content NIH Websites Are Changing NIH is moving the launch of its new website to the fall to ensure the best possible experience for everyone who relies on our websites for health information, research, funding opportunities, and other resources. Get the Latest Updates and FAQs Breadcrumb Share Instagram Print Page Not",HTTP 404 — page removed or inaccessible
49,nichd-research-programs,NICHD Research Programs,NIH,https://www.nichd.nih.gov/research/supported,2026-09-21T15:05:10.431068+00:00,CRITICAL,http_error,0.0,0.0,822,822,0.000,,,"--- before (2026-09-20)
+++ after (2026-09-21)
@@ -0,0 +1 @@
+Page Not Found | NICHD - Eunice Kennedy Shriver National Institute of Child Health and Human Development Skip to main content NIH Websites Are Changing NIH is moving the launch of its new website to the fall to ensure the best possible experience for everyone who relies on our websites for health information, research, funding opportunities, and other resources. Get the Latest Updates and FAQs Breadcrumb Share Instagram Print Page Not",HTTP 404 — page removed or inaccessible
50,nih-nidcd-data,NIH NIDCD Hearing/Disability Quick Statistics,NIH,https://www.nidcd.nih.gov/health/statistics/quick-statistics-hearing,2026-09-21T15:05:16.899507+00:00,HIGH,content_major,100.0,0.0,,,0.000,,,"--- before (2026-09-20)
+++ after (2026-09-21)
@@ -0,0 +1 @@
+Quick Statistics About Hearing, Balance, & Dizziness | NIDCD Skip to main content Official websites use .gov A .gov website belongs to an official government organization in the United States. Secure .gov websites use HTTPS A lock ( ) or https:// means you've safely connected to the .gov website. Share sensitive information only on official, secure websites. NIH Websites Are Changing NIH is moving the launch of its new website to the ",Major content change: 100.0% text altered
51,acl-data-research,ACL Aging and Disability Data and Research,ACL,https://acl.gov/aging-and-disability-in-america/data-and-research,2026-09-21T15:05:16.900230+00:00,HIGH,content_major,100.0,0.0,,,0.000,,,"--- before (2026-09-20)
+++ after (2026-09-21)
@@ -0,0 +1 @@
+Data and Research | ACL Administration for Community Living Skip to main content Official websites use .gov A .gov website belongs to an official government organization in the United States. Secure .gov websites use HTTPS A lock ( ) or https:// means you’ve safely connected to the .gov website. Share sensitive information only on official, secure websites. Find Help Announcements A - Z Browse Search MENU Menu × Home Data, Research & ",Major content change: 100.0% text altered
52,acl-programs,ACL Programs Directory,ACL,https://acl.gov/programs,2026-09-21T15:05:16.900719+00:00,HIGH,content_major,100.0,0.0,264,264,0.000,,,"--- before (2026-09-20)
+++ after (2026-09-21)
@@ -0,0 +1 @@
+Program and Policy Areas | ACL Administration for Community Living Skip to main content Official websites use .gov A .gov website belongs to an official government organization in the United States. Secure .gov websites use HTTPS A lock ( ) or https:// means you’ve safely connected to the .gov website. Share sensitive information only on official, secure websites. Find Help Announcements A - Z Browse Search MENU Menu × Home Program an",Major content change: 100.0% text altered
53,acl-home,ACL Homepage,ACL,https://acl.gov/,2026-09-21T15:05:16.901314+00:00,HIGH,content_major,100.0,0.0,,,0.000,,,"--- before (2026-09-20)
+++ after (2026-09-21)
@@ -0,0 +1 @@
+Home Page | ACL Administration for Community Living Skip to main content Official websites use .gov A .gov website belongs to an official government organization in the United States. Secure .gov websites use HTTPS A lock ( ) or https:// means you’ve safely connected to the .gov website. Share sensitive information only on official, secure websites. Find Help Announcements A - Z Browse Search MENU Menu × Advancing Community Living for",Major content change: 100.0% text altered
54,dol-odep-statistics,DOL ODEP Disability Statistics,DOL,https://www.dol.gov/agencies/odep/research-evaluation/statistics,2026-09-21T15:05:16.901703+00:00,HIGH,content_major,100.0,0.0,,,0.000,,,"--- before (2026-09-20)
+++ after (2026-09-21)
@@ -0,0 +1 @@
+Disability Employment Statistics | U.S. Department of Labor Skip to main content",Major content change: 100.0% text altered
55,bls-disability-release-toc,BLS Disability Employment News Release (TOC),BLS,https://www.bls.gov/news.release/disabl.toc.htm,2026-09-21T15:05:21.013034+00:00,HIGH,content_major,100.0,0.0,,,0.000,,,"--- before (2026-09-20)
+++ after (2026-09-21)
@@ -0,0 +1 @@
+[CDX proxy] digest= ts=20101105100617",Major content change: 100.0% text altered
56,bls-disability-data-tables,BLS Disability Employment Data Tables,BLS,https://www.bls.gov/news.release/disabl.nr0.htm,2026-09-21T15:05:42.286381+00:00,HIGH,content_major,100.0,0.0,,,0.000,,,"--- before (2026-09-20)
+++ after (2026-09-21)
@@ -0,0 +1 @@
+[CDX proxy] digest= ts=20100829052049",Major content change: 100.0% text altered
57,bls-disability-flat-files,BLS Employment Level — With Disability (CPS Series LNU02074593),BLS,https://api.bls.gov/publicAPI/v2/timeseries/data/LNU02074593?startyear=2023&endyear=2025,2026-09-21T15:05:42.286872+00:00,HIGH,content_major,100.0,0.0,4,4,0.000,,,"--- before (2026-09-20)
+++ after (2026-09-21)
@@ -0,0 +1,4 @@
+{""status"":""REQUEST_SUCCEEDED"",""responseTime"":65,""message"":[],""Results"":{

+""series"":

+[{""seriesID"":""LNU02074593"",""data"":[{""year"":""2025"",""period"":""M12"",""periodName"":""December"",""value"":""155260"",""footnotes"":[{}]},{""year"":""2025"",""period"":""M11"",""periodName"":""November"",""value"":""155143"",""footnotes"":[{}]},{""year"":""2025"",""period"":""M10"",""periodName"":""October"",""value"":""-"",""footnotes"":[{""code"":""9"",""text"":""Data unavailable due to the 2025 lapse",Major content change: 100.0% text altered
58,askjan-home,Job Accommodation Network Homepage,JAN,https://askjan.org/,2026-09-21T15:05:42.287309+00:00,HIGH,content_major,100.0,0.2,,,0.000,,,"--- before (2026-09-20)
+++ after (2026-09-21)
@@ -0,0 +1 @@
+JAN - Job Accommodation Network Skip to main navigation Skip to search Skip to content Open Search Close Search Search the site: Click to Search Contact Open Close Employers Individuals Toolkit A to Z Situations & Solutions Finder MyJAN Publications Training About JAN Search the site: Search Information By Role Toolkit A to Z of Disabilities & Accommodations ADA Library Situations & Solutions Finder MyJAN Publications Training About J",Major content change: 100.0% text altered
59,askjan-a-to-z,JAN A-to-Z Disability Index,JAN,https://askjan.org/a-to-z.cfm,2026-09-21T15:05:42.287856+00:00,HIGH,content_major,100.0,0.0,,,0.000,,,"--- before (2026-09-20)
+++ after (2026-09-21)
@@ -0,0 +1 @@
+A to Z of Disabilities and Accommodations Close Menu Close A to Z of Disabilities and Accommodations home If you are looking for information on job accommodations, the Americans with Disabilities Act or Rehabilitation Act, or topics related to disability employment, see the listings below for various topics covered by JAN. JAN provides the following A to Z listings by disability, topic, and limitation. This information is designed to ",Major content change: 100.0% text altered
60,ofccp-section503,OFCCP Section 503 Disability Page,DOL,https://www.dol.gov/agencies/ofccp/disability,2026-09-21T15:05:42.288445+00:00,CRITICAL,http_error,0.0,0.0,,,0.000,,,"--- before (2026-09-20)
+++ after (2026-09-21)
@@ -0,0 +1 @@
+Page Not Found | U.S. Department of Labor Skip to main content",HTTP 404 — page removed or inaccessible
61,ed-idea-data,IDEA Data Center,ED,https://sites.ed.gov/idea/data/,2026-09-21T15:05:42.618061+00:00,HIGH,content_major,100.0,0.0,3,3,0.000,,,"--- before (2026-09-20)
+++ after (2026-09-21)
@@ -0,0 +1 @@
+Data - Individuals with Disabilities Education Act Skip to content Official websites use .gov A .gov website belongs to an official government organization in the United States. Secure .gov websites use HTTPS A lock ( ) or https:// means you’ve safely connected to the .gov website. Share sensitive information only on official, secure websites. Home » Data A A A The Individuals with Disabilities Education Act (IDEA) requires the U.S. D",Major content change: 100.0% text altered
62,ed-disability-page,ED Office of Special Education Programs,ED,https://www.ed.gov/about/offices/list/osers/osep/index.html,2026-09-21T15:05:42.618823+00:00,HIGH,gov_redirect,100.0,0.0,,,0.000,,,"--- before (2026-09-20)
+++ after (2026-09-21)
@@ -0,0 +1 @@
+Office of Special Education Programs (OSEP) | U.S. Department of Education Skip to main content Official websites use .gov A .gov website belongs to an official government organization in the United States. Secure .gov websites use HTTPS A lock ( ) or https:// means you’ve safely connected to the .gov website. Share sensitive information only on official, secure websites. Office of Special Education Programs (OSEP) The Office of Speci",Page now redirects within .gov: https://www.ed.gov/about/ed-offices/osers/osep
63,hhs-disability-page,HHS Disability Topic Page,HHS,https://www.hhs.gov/programs/topic-sites/disability/index.html,2026-09-21T15:06:01.498047+00:00,HIGH,content_major,100.0,0.0,,,0.000,,,"--- before (2026-09-20)
+++ after (2026-09-21)
@@ -0,0 +1 @@
+Access Denied Access Denied You don't have permission to access ""http://www.hhs.gov/programs/topic-sites/disability/index.html"" on this server. Reference #18.510ed217.1790002971.49a82ba9 https://errors.edgesuite.net/18.510ed217.1790002971.49a82ba9",Major content change: 100.0% text altered
64,hhs-section504,HHS Section 504 Civil Rights (Disability),HHS,https://www.hhs.gov/civil-rights/for-individuals/disability/index.html,2026-09-21T15:06:13.521615+00:00,HIGH,content_major,100.0,0.0,,,0.000,,,"--- before (2026-09-20)
+++ after (2026-09-21)
@@ -0,0 +1 @@
+[CDX proxy] digest= ts=20151225101824",Major content change: 100.0% text altered
65,hhs-open-data-catalog,HHS Open Data Catalog (data.json),HHS,https://www.hhs.gov/data.json,2026-09-21T15:06:13.522109+00:00,HIGH,content_major,100.0,0.0,,,0.000,,,"--- before (2026-09-20)
+++ after (2026-09-21)
@@ -0,0 +1,10 @@
+<HTML><HEAD>

+<TITLE>Access Denied</TITLE>

+</HEAD><BODY>

+<H1>Access Denied</H1>

+ 

+You don't have permission to access ""http&#58;&#47;&#47;www&#46;hhs&#46;gov&#47;data&#46;json"" on this server.<P>

+Reference&#32;&#35;18&#46;510ed217&#46;1790002971&#46;49a82c68

+<P>https&#58;&#47;&#47;errors&#46;edgesuite&#46;net&#47;18&#46;510ed217&#46;1790002971&#46;49a82c68</P>

+</BODY>

+</HTML>
",Major content change: 100.0% text altered
66,cms-dkan-disability-catalog,CMS Open Data Catalog (data.json),CMS,https://data.cms.gov/data.json,2026-09-21T15:06:13.522812+00:00,HIGH,content_major,100.0,0.0,6,6,0.000,,,"--- before (2026-09-20)
+++ after (2026-09-21)
@@ -0,0 +1 @@
+{""@context"":""https:\/\/project-open-data.cio.gov\/v1.1\/schema\/catalog.jsonld"",""@id"":""https:\/\/data.cms.gov\/data.json"",""@type"":""dcat:Catalog"",""conformsTo"":""https:\/\/project-open-data.cio.gov\/v1.1\/schema"",""describedBy"":""https:\/\/project-open-data.cio.gov\/v1.1\/schema\/catalog.json"",""dataset"":[{""@type"":""dcat:Dataset"",""accessLevel"":""public"",""accessRights"":""Open"",""accrualPeriodicity"":""R\/P1Y"",""bureauCode"":[""009:38""],""contactPoint""",Major content change: 100.0% text altered
67,ssa-press-releases,SSA Press Releases RSS Feed,SSA,https://www.ssa.gov/rss/mr.xml,2026-09-22T13:20:46.320583+00:00,HIGH,content_major,100.0,0.5,,,0.000,,,"--- before (2026-09-21)
+++ after (2026-09-22)
@@ -0,0 +1 @@
+Access Denied Access Denied You don't have permission to access ""http://www.ssa.gov/rss/mr.xml"" on this server. Reference #18.3406d217.1790083230.ab1728e https://errors.edgesuite.net/18.3406d217.1790083230.ab1728e",Major content change: 100.0% text altered
68,ssa-public-use-data-index,SSA Public-Use Data Files (DKAN Catalog),SSA,https://www.ssa.gov/data/api/1/metastore/schemas/dataset/items?show-reference-ids,2026-09-22T13:20:46.321232+00:00,HIGH,content_major,100.0,0.0,,,0.000,,,"--- before (2026-09-21)
+++ after (2026-09-22)
@@ -0,0 +1,10 @@
+<HTML><HEAD>

+<TITLE>Access Denied</TITLE>

+</HEAD><BODY>

+<H1>Access Denied</H1>

+ 

+You don't have permission to access ""http&#58;&#47;&#47;www&#46;ssa&#46;gov&#47;data&#47;api&#47;1&#47;metastore&#47;schemas&#47;dataset&#47;items&#63;"" on this server.<P>

+Reference&#32;&#35;18&#46;2f06d217&#46;1790083230&#46;187d3bd1

+<P>https&#58;&#47;&#47;errors&#46;edgesuite&#46;net&#47;18&#46;2f06d217&#46;1790083230&#46;187d3bd1</P>

",Major content change: 100.0% text altered
69,ssa-bepuf-2020,SSA Benefits & Earnings Public-Use File 2020 (DKAN),SSA,https://www.ssa.gov/data/api/1/dataset/bepuf-2020,2026-09-22T13:20:46.321749+00:00,HIGH,content_major,100.0,0.0,,,0.000,,,"--- before (2026-09-21)
+++ after (2026-09-22)
@@ -0,0 +1,10 @@
+<HTML><HEAD>

+<TITLE>Access Denied</TITLE>

+</HEAD><BODY>

+<H1>Access Denied</H1>

+ 

+You don't have permission to access ""http&#58;&#47;&#47;www&#46;ssa&#46;gov&#47;data&#47;api&#47;1&#47;dataset&#47;bepuf&#45;2020"" on this server.<P>

+Reference&#32;&#35;18&#46;2f06d217&#46;1790083230&#46;187d3bda

+<P>https&#58;&#47;&#47;errors&#46;edgesuite&#46;net&#47;18&#46;2f06d217&#46;1790083230&#46;187d3bda</P>

+</BODY>

+</HTML>
",Major content change: 100.0% text altered
70,ssa-epuf,SSA Earnings Public-Use File (DKAN),SSA,https://www.ssa.gov/data/api/1/dataset/epuf,2026-09-22T13:20:46.322200+00:00,HIGH,content_major,100.0,0.0,,,0.000,,,"--- before (2026-09-21)
+++ after (2026-09-22)
@@ -0,0 +1,10 @@
+<HTML><HEAD>

+<TITLE>Access Denied</TITLE>

+</HEAD><BODY>

+<H1>Access Denied</H1>

+ 

+You don't have permission to access ""http&#58;&#47;&#47;www&#46;ssa&#46;gov&#47;data&#47;api&#47;1&#47;dataset&#47;epuf"" on this server.<P>

+Reference&#32;&#35;18&#46;2f06d217&#46;1790083230&#46;187d3bd0

+<P>https&#58;&#47;&#47;errors&#46;edgesuite&#46;net&#47;18&#46;2f06d217&#46;1790083230&#46;187d3bd0</P>

+</BODY>

+</HTML>
",Major content change: 100.0% text altered
71,ssa-ssi-microdata,SSA SSI Public-Use Microdata File (DKAN),SSA,https://www.ssa.gov/data/api/1/dataset/ssr,2026-09-22T13:20:46.322667+00:00,HIGH,content_major,100.0,0.0,,,0.000,,,"--- before (2026-09-21)
+++ after (2026-09-22)
@@ -0,0 +1,10 @@
+<HTML><HEAD>

+<TITLE>Access Denied</TITLE>

+</HEAD><BODY>

+<H1>Access Denied</H1>

+ 

+You don't have permission to access ""http&#58;&#47;&#47;www&#46;ssa&#46;gov&#47;data&#47;api&#47;1&#47;dataset&#47;ssr"" on this server.<P>

+Reference&#32;&#35;18&#46;2f06d217&#46;1790083230&#46;187d3bde

+<P>https&#58;&#47;&#47;errors&#46;edgesuite&#46;net&#47;18&#46;2f06d217&#46;1790083230&#46;187d3bde</P>

+</BODY>

+</HTML>
",Major content change: 100.0% text altered
72,ssa-disability-insurance-stats,SSA SSDI Annual Statistical Report (DKAN),SSA,https://www.ssa.gov/data/api/1/dataset/di_asr,2026-09-22T13:20:46.323126+00:00,HIGH,content_major,100.0,0.5,,,0.000,,,"--- before (2026-09-21)
+++ after (2026-09-22)
@@ -0,0 +1,10 @@
+<HTML><HEAD>

+<TITLE>Access Denied</TITLE>

+</HEAD><BODY>

+<H1>Access Denied</H1>

+ 

+You don't have permission to access ""http&#58;&#47;&#47;www&#46;ssa&#46;gov&#47;data&#47;api&#47;1&#47;dataset&#47;di&#95;asr"" on this server.<P>

+Reference&#32;&#35;18&#46;3406d217&#46;1790083230&#46;ab172ef

+<P>https&#58;&#47;&#47;errors&#46;edgesuite&#46;net&#47;18&#46;3406d217&#46;1790083230&#46;ab172ef</P>

+</BODY>

+</HTML>
",Major content change: 100.0% text altered
73,ssa-ssi-annual-stats,SSA SSI Annual Statistical Report (DKAN),SSA,https://www.ssa.gov/data/api/1/dataset/ssi_asr,2026-09-22T13:20:46.323618+00:00,HIGH,content_major,100.0,0.0,,,0.000,,,"--- before (2026-09-21)
+++ after (2026-09-22)
@@ -0,0 +1,10 @@
+<HTML><HEAD>

+<TITLE>Access Denied</TITLE>

+</HEAD><BODY>

+<H1>Access Denied</H1>

+ 

+You don't have permission to access ""http&#58;&#47;&#47;www&#46;ssa&#46;gov&#47;data&#47;api&#47;1&#47;dataset&#47;ssi&#95;asr"" on this server.<P>

+Reference&#32;&#35;18&#46;2f06d217&#46;1790083230&#46;187d3c27

+<P>https&#58;&#47;&#47;errors&#46;edgesuite&#46;net&#47;18&#46;2f06d217&#46;1790083230&#46;187d3c27</P>

+</BODY>

+</HTML>
",Major content change: 100.0% text altered
74,ssa-open-data-catalog,SSA Open Data Catalog (DKAN API),SSA,https://www.ssa.gov/data/api/1/metastore/schemas/dataset/items?show-reference-ids,2026-09-22T13:20:46.324121+00:00,HIGH,content_major,100.0,0.5,,,0.000,,,"--- before (2026-09-21)
+++ after (2026-09-22)
@@ -0,0 +1,10 @@
+<HTML><HEAD>

+<TITLE>Access Denied</TITLE>

+</HEAD><BODY>

+<H1>Access Denied</H1>

+ 

+You don't have permission to access ""http&#58;&#47;&#47;www&#46;ssa&#46;gov&#47;data&#47;api&#47;1&#47;metastore&#47;schemas&#47;dataset&#47;items&#63;"" on this server.<P>

+Reference&#32;&#35;18&#46;3406d217&#46;1790083230&#46;ab172e3

+<P>https&#58;&#47;&#47;errors&#46;edgesuite&#46;net&#47;18&#46;3406d217&#46;1790083230&#46;ab172e3</P>

+<",Major content change: 100.0% text altered
75,ssa-disability-benefits,SSA Sitemap (proxy for page availability),SSA,https://www.ssa.gov/sitemap.xml,2026-09-22T13:20:51.369452+00:00,HIGH,http_error,100.0,0.0,,,0.000,,,"--- before (2026-09-21)
+++ after (2026-09-22)
@@ -0,0 +1 @@
+Access Denied Access Denied You don't have permission to access ""http://www.ssa.gov/sitemap.xml"" on this server. Reference #18.2f06d217.1790083230.187d3c4b https://errors.edgesuite.net/18.2f06d217.1790083230.187d3c4b",HTTP status changed: 200 → 403
76,cdc-soda-disability-catalog,CDC Open Data — Disability Dataset Catalog (SODA API),CDC,https://data.cdc.gov/api/views/metadata/v1?limit=100&searchContext=disability,2026-09-22T13:21:16.170740+00:00,HIGH,content_major,100.0,0.0,100,100,0.000,,,"--- before (2026-09-21)
+++ after (2026-09-22)
@@ -0,0 +1,1783 @@
+[ {

+  ""id"" : ""7xz4-qgju"",

+  ""name"" : ""Historical Averages of Pollen Season Timing and Concentrations for Select United States Cities, 2003-2024"",

+  ""attribution"" : ""National Allergy Bureau (NAB) and CDC/NCEH/DEHSP"",

+  ""attributionLink"" : ""https://pollen.aaaai.org/"",

+  ""category"" : ""National Center for Environmental Health"",

+  ""createdAt"" : ""2026-09-15T20:05:49+0000"",

+  ""dataUpdatedAt"" : ""2026-09-18T15:34:47+0000"",

",Major content change: 100.0% text altered
77,census-disability-tables,Census Bureau Disability Data Tables,Census,https://www.census.gov/topics/health/disability/data/tables.html,2026-09-22T13:21:16.174148+00:00,HIGH,content_major,100.0,1.0,,,0.000,,,"--- before (2026-09-21)
+++ after (2026-09-22)
@@ -0,0 +1 @@
+Disability Data Tables Disability Data Tables Skip Navigation Within Data Disability Data Tables Tables containing disability estimates from the American Community Survey (ACS) are available on data.census.gov . Many Tables available on www.census.gov are downloadable in XLS, CSV, and PDF file formats. Tables available in data.census.gov can be bookmarked/saved, printed and downloaded. The sources of the data published on census.gov a",Major content change: 100.0% text altered
78,census-disability-topic,Census Bureau Disability Topic Page,Census,https://www.census.gov/topics/health/disability.html,2026-09-22T13:21:16.174716+00:00,HIGH,content_major,100.0,1.1,,,0.000,,,"--- before (2026-09-21)
+++ after (2026-09-22)
@@ -0,0 +1 @@
+Disability Disability Skip Navigation Within Disability Disability The Census Bureau collects data on disability primarily through the American Community Survey (ACS) and the Survey of Income and Program Participation (SIPP). Featured Guidance for Disability Data Users Learn about subjects covered by the data and which data tool to use. Find out about handbooks, data users groups, and related topics. Disability Library Online collecti",Major content change: 100.0% text altered
79,census-sipp-disability,Census SIPP Datasets,Census,https://www.census.gov/programs-surveys/sipp/data/datasets.html,2026-09-22T13:21:16.175571+00:00,HIGH,content_major,100.0,0.6,64,64,0.000,,,"--- before (2026-09-21)
+++ after (2026-09-22)
@@ -0,0 +1 @@
+Survey of Income and Program Participation Datasets Survey of Income and Program Participation Datasets Skip Navigation Within Data Survey of Income and Program Participation Datasets Access SIPP data by year (2018-2025) or panel/wave (1984-2014) in the tabbed lists below. For SIPP data related questions, please visit the Contact Us page. 2025 2024 2023 2022 2021 More 2020 2019 2018 2014 2008 2004 2001 1996 1993 1992 1991 1990 1989 19",Major content change: 100.0% text altered
80,nichd-disability-research,NICHD Disability Research (tombstone — 404 as of 2026-03),NIH,https://www.nichd.nih.gov/research/supported/disability,2026-09-22T13:21:16.176137+00:00,CRITICAL,http_error,0.0,0.0,,,0.000,,,"--- before (2026-09-21)
+++ after (2026-09-22)
@@ -0,0 +1 @@
+Page Not Found | NICHD - Eunice Kennedy Shriver National Institute of Child Health and Human Development Skip to main content NIH Websites Are Changing NIH is moving the launch of its new website to the fall to ensure the best possible experience for everyone who relies on our websites for health information, research, funding opportunities, and other resources. Get the Latest Updates and FAQs Breadcrumb Share Instagram Print Page Not",HTTP 404 — page removed or inaccessible
81,nichd-research-programs,NICHD Research Programs,NIH,https://www.nichd.nih.gov/research/supported,2026-09-22T13:21:16.656693+00:00,CRITICAL,http_error,0.0,0.0,822,822,0.000,,,"--- before (2026-09-21)
+++ after (2026-09-22)
@@ -0,0 +1 @@
+Page Not Found | NICHD - Eunice Kennedy Shriver National Institute of Child Health and Human Development Skip to main content NIH Websites Are Changing NIH is moving the launch of its new website to the fall to ensure the best possible experience for everyone who relies on our websites for health information, research, funding opportunities, and other resources. Get the Latest Updates and FAQs Breadcrumb Share Instagram Print Page Not",HTTP 404 — page removed or inaccessible
82,nih-nidcd-data,NIH NIDCD Hearing/Disability Quick Statistics,NIH,https://www.nidcd.nih.gov/health/statistics/quick-statistics-hearing,2026-09-22T13:21:23.036825+00:00,HIGH,content_major,100.0,0.0,,,0.000,,,"--- before (2026-09-21)
+++ after (2026-09-22)
@@ -0,0 +1 @@
+Quick Statistics About Hearing, Balance, & Dizziness | NIDCD Skip to main content Official websites use .gov A .gov website belongs to an official government organization in the United States. Secure .gov websites use HTTPS A lock ( ) or https:// means you've safely connected to the .gov website. Share sensitive information only on official, secure websites. NIH Websites Are Changing NIH is moving the launch of its new website to the ",Major content change: 100.0% text altered
83,acl-data-research,ACL Aging and Disability Data and Research,ACL,https://acl.gov/aging-and-disability-in-america/data-and-research,2026-09-22T13:21:23.037908+00:00,HIGH,content_major,100.0,0.0,,,0.000,,,"--- before (2026-09-21)
+++ after (2026-09-22)
@@ -0,0 +1 @@
+Data and Research | ACL Administration for Community Living Skip to main content Official websites use .gov A .gov website belongs to an official government organization in the United States. Secure .gov websites use HTTPS A lock ( ) or https:// means you’ve safely connected to the .gov website. Share sensitive information only on official, secure websites. Find Help Announcements A - Z Browse Search MENU Menu × Home Data, Research & ",Major content change: 100.0% text altered
84,acl-programs,ACL Programs Directory,ACL,https://acl.gov/programs,2026-09-22T13:21:23.038657+00:00,HIGH,content_major,100.0,0.0,264,264,0.000,,,"--- before (2026-09-21)
+++ after (2026-09-22)
@@ -0,0 +1 @@
+Program and Policy Areas | ACL Administration for Community Living Skip to main content Official websites use .gov A .gov website belongs to an official government organization in the United States. Secure .gov websites use HTTPS A lock ( ) or https:// means you’ve safely connected to the .gov website. Share sensitive information only on official, secure websites. Find Help Announcements A - Z Browse Search MENU Menu × Home Program an",Major content change: 100.0% text altered
85,nci-data-portal,National Core Indicators Data Files,ACL,https://www.nationalcoreindicators.org/resources/data/,2026-09-22T13:21:23.039401+00:00,CRITICAL,external_redirect,0.0,0.0,,84,0.000,,,"--- before (2026-09-21)
+++ after (2026-09-22)
@@ -0,0 +1 @@
+Resources | National Core Indicators National Core Indicators State Login Login » Username Password Forgot Password Old Homepage About Overview Indicators Mission History Staff NCI States Alabama Alaska Arizona Arkansas California Colorado Connecticut Delaware Florida Georgia Hawaii Idaho Illinois Indiana Kansas Kentucky Louisiana Maine Maryland Massachusetts Michigan Minnesota Mississippi Missouri Montana Nebraska Nevada New Hampshir",Redirected to non-.gov: https://legacy.nationalcoreindicators.org/resources/data
86,acl-home,ACL Homepage,ACL,https://acl.gov/,2026-09-22T13:21:29.665028+00:00,HIGH,content_major,100.0,0.0,,,0.000,,,"--- before (2026-09-21)
+++ after (2026-09-22)
@@ -0,0 +1 @@
+Home Page | ACL Administration for Community Living Skip to main content Official websites use .gov A .gov website belongs to an official government organization in the United States. Secure .gov websites use HTTPS A lock ( ) or https:// means you’ve safely connected to the .gov website. Share sensitive information only on official, secure websites. Find Help Announcements A - Z Browse Search MENU Menu × Advancing Community Living for",Major content change: 100.0% text altered
87,dol-odep-statistics,DOL ODEP Disability Statistics,DOL,https://www.dol.gov/agencies/odep/research-evaluation/statistics,2026-09-22T13:21:29.665796+00:00,HIGH,content_major,100.0,0.0,,,0.000,,,"--- before (2026-09-21)
+++ after (2026-09-22)
@@ -0,0 +1 @@
+Disability Employment Statistics | U.S. Department of Labor Skip to main content",Major content change: 100.0% text altered
88,bls-disability-release-toc,BLS Disability Employment News Release (TOC),BLS,https://www.bls.gov/news.release/disabl.toc.htm,2026-09-22T13:21:34.938385+00:00,HIGH,http_error,100.0,0.0,,,0.000,,,"--- before (2026-09-21)
+++ after (2026-09-22)
@@ -0,0 +1 @@
+Access Denied Bureau of Labor Statistics Access Denied The BLS is committed to providing data promptly and according to established schedules. Automated retrieval programs (commonly called ""robots"" or ""bots"") can cause delays and interfere with other customers' timely access to information. Therefore, bot activity that doesn't conform to BLS usage policy is prohibited. We apologize for any inconvenience. If you believe we have made an",HTTP status changed: 200 → 403
89,bls-disability-data-tables,BLS Disability Employment Data Tables,BLS,https://www.bls.gov/news.release/disabl.nr0.htm,2026-09-22T13:21:39.985900+00:00,HIGH,http_error,100.0,0.0,,,0.000,,,"--- before (2026-09-21)
+++ after (2026-09-22)
@@ -0,0 +1 @@
+Access Denied Bureau of Labor Statistics Access Denied The BLS is committed to providing data promptly and according to established schedules. Automated retrieval programs (commonly called ""robots"" or ""bots"") can cause delays and interfere with other customers' timely access to information. Therefore, bot activity that doesn't conform to BLS usage policy is prohibited. We apologize for any inconvenience. If you believe we have made an",HTTP status changed: 200 → 403
90,bls-disability-flat-files,BLS Employment Level — With Disability (CPS Series LNU02074593),BLS,https://api.bls.gov/publicAPI/v2/timeseries/data/LNU02074593?startyear=2023&endyear=2025,2026-09-22T13:21:39.986729+00:00,HIGH,content_major,100.0,0.0,4,4,0.000,,,"--- before (2026-09-21)
+++ after (2026-09-22)
@@ -0,0 +1,4 @@
+{""status"":""REQUEST_SUCCEEDED"",""responseTime"":80,""message"":[],""Results"":{

+""series"":

+[{""seriesID"":""LNU02074593"",""data"":[{""year"":""2025"",""period"":""M12"",""periodName"":""December"",""value"":""155260"",""footnotes"":[{}]},{""year"":""2025"",""period"":""M11"",""periodName"":""November"",""value"":""155143"",""footnotes"":[{}]},{""year"":""2025"",""period"":""M10"",""periodName"":""October"",""value"":""-"",""footnotes"":[{""code"":""9"",""text"":""Data unavailable due to the 2025 lapse",Major content change: 100.0% text altered
91,askjan-home,Job Accommodation Network Homepage,JAN,https://askjan.org/,2026-09-22T13:21:39.987308+00:00,HIGH,content_major,100.0,0.1,,,0.000,,,"--- before (2026-09-21)
+++ after (2026-09-22)
@@ -0,0 +1 @@
+JAN - Job Accommodation Network Skip to main navigation Skip to search Skip to content Open Search Close Search Search the site: Click to Search Contact Open Close Employers Individuals Toolkit A to Z Situations & Solutions Finder MyJAN Publications Training About JAN Search the site: Search Information By Role Toolkit A to Z of Disabilities & Accommodations ADA Library Situations & Solutions Finder MyJAN Publications Training About J",Major content change: 100.0% text altered
92,askjan-a-to-z,JAN A-to-Z Disability Index,JAN,https://askjan.org/a-to-z.cfm,2026-09-22T13:21:39.988093+00:00,HIGH,content_major,100.0,0.0,,,0.000,,,"--- before (2026-09-21)
+++ after (2026-09-22)
@@ -0,0 +1 @@
+A to Z of Disabilities and Accommodations Close Menu Close A to Z of Disabilities and Accommodations home If you are looking for information on job accommodations, the Americans with Disabilities Act or Rehabilitation Act, or topics related to disability employment, see the listings below for various topics covered by JAN. JAN provides the following A to Z listings by disability, topic, and limitation. This information is designed to ",Major content change: 100.0% text altered
93,ofccp-section503,OFCCP Section 503 Disability Page,DOL,https://www.dol.gov/agencies/ofccp/disability,2026-09-22T13:21:39.988839+00:00,CRITICAL,http_error,0.0,0.0,,,0.000,,,"--- before (2026-09-21)
+++ after (2026-09-22)
@@ -0,0 +1 @@
+Page Not Found | U.S. Department of Labor Skip to main content",HTTP 404 — page removed or inaccessible
94,ed-idea-data,IDEA Data Center,ED,https://sites.ed.gov/idea/data/,2026-09-22T13:21:40.343693+00:00,CRITICAL,row_count_drop,100.0,91.7,3,,0.000,,,"--- before (2026-09-21)
+++ after (2026-09-22)
@@ -0,0 +1 @@
+Azure WAF",Row count dropped 100.0%: 3 → 0
95,ed-special-ed-childcount,IDEA Child Count and Educational Environments,ED,https://sites.ed.gov/idea/data/child-count-and-educational-environments/,2026-09-22T13:21:46.677001+00:00,CRITICAL,row_count_drop,100.0,90.3,56,,0.000,,,"--- before (2026-09-21)
+++ after (2026-09-22)
@@ -0,0 +1 @@
+Azure WAF",Row count dropped 100.0%: 56 → 0
96,ed-disability-page,ED Office of Special Education Programs,ED,https://www.ed.gov/about/offices/list/osers/osep/index.html,2026-09-22T13:21:53.108097+00:00,HIGH,http_error,100.0,90.9,,,0.000,,,"--- before (2026-09-21)
+++ after (2026-09-22)
@@ -0,0 +1 @@
+Azure WAF",HTTP status changed: 200 → 403
97,hhs-disability-page,HHS Disability Topic Page,HHS,https://www.hhs.gov/programs/topic-sites/disability/index.html,2026-09-22T13:21:58.201328+00:00,HIGH,content_major,100.0,0.5,,,0.000,,,"--- before (2026-09-21)
+++ after (2026-09-22)
@@ -0,0 +1 @@
+Access Denied Access Denied You don't have permission to access ""http://www.hhs.gov/programs/topic-sites/disability/index.html"" on this server. Reference #18.c506d217.1790083236.23925f6 https://errors.edgesuite.net/18.c506d217.1790083236.23925f6",Major content change: 100.0% text altered
98,hhs-section504,HHS Section 504 Civil Rights (Disability),HHS,https://www.hhs.gov/civil-rights/for-individuals/disability/index.html,2026-09-22T13:22:03.252656+00:00,HIGH,http_error,100.0,0.5,,,0.000,,,"--- before (2026-09-21)
+++ after (2026-09-22)
@@ -0,0 +1 @@
+Access Denied Access Denied You don't have permission to access ""http://www.hhs.gov/civil-rights/for-individuals/disability/index.html"" on this server. Reference #18.c506d217.1790083236.2392600 https://errors.edgesuite.net/18.c506d217.1790083236.2392600",HTTP status changed: 200 → 403
99,hhs-open-data-catalog,HHS Open Data Catalog (data.json),HHS,https://www.hhs.gov/data.json,2026-09-22T13:22:03.253318+00:00,HIGH,content_major,100.0,0.5,,,0.000,,,"--- before (2026-09-21)
+++ after (2026-09-22)
@@ -0,0 +1,10 @@
+<HTML><HEAD>

+<TITLE>Access Denied</TITLE>

+</HEAD><BODY>

+<H1>Access Denied</H1>

+ 

+You don't have permission to access ""http&#58;&#47;&#47;www&#46;hhs&#46;gov&#47;data&#46;json"" on this server.<P>

+Reference&#32;&#35;18&#46;c506d217&#46;1790083236&#46;2392620

+<P>https&#58;&#47;&#47;errors&#46;edgesuite&#46;net&#47;18&#46;c506d217&#46;1790083236&#46;2392620</P>

+</BODY>

+</HTML>
",Major content change: 100.0% text altered
100,cms-dkan-disability-catalog,CMS Open Data Catalog (data.json),CMS,https://data.cms.gov/data.json,2026-09-22T13:22:03.254362+00:00,HIGH,content_major,100.0,0.2,6,6,0.000,,,"--- before (2026-09-21)
+++ after (2026-09-22)
@@ -0,0 +1 @@
+{""@context"":""https:\/\/project-open-data.cio.gov\/v1.1\/schema\/catalog.jsonld"",""@id"":""https:\/\/data.cms.gov\/data.json"",""@type"":""dcat:Catalog"",""conformsTo"":""https:\/\/project-open-data.cio.gov\/v1.1\/schema"",""describedBy"":""https:\/\/project-open-data.cio.gov\/v1.1\/schema\/catalog.json"",""dataset"":[{""@type"":""dcat:Dataset"",""accessLevel"":""public"",""accessRights"":""Open"",""accrualPeriodicity"":""R\/P1Y"",""bureauCode"":[""009:38""],""contactPoint""",Major content change: 100.0% text altered
101,ssa-press-releases,SSA Press Releases RSS Feed,SSA,https://www.ssa.gov/rss/mr.xml,2026-09-23T13:35:00.217702+00:00,HIGH,content_major,100.0,0.5,,,0.000,,,"--- before (2026-09-22)
+++ after (2026-09-23)
@@ -0,0 +1 @@
+Access Denied Access Denied You don't have permission to access ""http://www.ssa.gov/rss/mr.xml"" on this server. Reference #18.84c1c917.1790170445.1da2a1ef https://errors.edgesuite.net/18.84c1c917.1790170445.1da2a1ef",Major content change: 100.0% text altered
102,ssa-public-use-data-index,SSA Public-Use Data Files (DKAN Catalog),SSA,https://www.ssa.gov/data/api/1/metastore/schemas/dataset/items?show-reference-ids,2026-09-23T13:35:00.218257+00:00,HIGH,content_major,100.0,0.5,,,0.000,,,"--- before (2026-09-22)
+++ after (2026-09-23)
@@ -0,0 +1,10 @@
+<HTML><HEAD>

+<TITLE>Access Denied</TITLE>

+</HEAD><BODY>

+<H1>Access Denied</H1>

+ 

+You don't have permission to access ""http&#58;&#47;&#47;www&#46;ssa&#46;gov&#47;data&#47;api&#47;1&#47;metastore&#47;schemas&#47;dataset&#47;items&#63;"" on this server.<P>

+Reference&#32;&#35;18&#46;91c1c917&#46;1790170445&#46;48c6573

+<P>https&#58;&#47;&#47;errors&#46;edgesuite&#46;net&#47;18&#46;91c1c917&#46;1790170445&#46;48c6573</P>

+<",Major content change: 100.0% text altered
103,ssa-bepuf-2020,SSA Benefits & Earnings Public-Use File 2020 (DKAN),SSA,https://www.ssa.gov/data/api/1/dataset/bepuf-2020,2026-09-23T13:35:00.218641+00:00,HIGH,content_major,100.0,0.5,,,0.000,,,"--- before (2026-09-22)
+++ after (2026-09-23)
@@ -0,0 +1,10 @@
+<HTML><HEAD>

+<TITLE>Access Denied</TITLE>

+</HEAD><BODY>

+<H1>Access Denied</H1>

+ 

+You don't have permission to access ""http&#58;&#47;&#47;www&#46;ssa&#46;gov&#47;data&#47;api&#47;1&#47;dataset&#47;bepuf&#45;2020"" on this server.<P>

+Reference&#32;&#35;18&#46;91c1c917&#46;1790170445&#46;48c6576

+<P>https&#58;&#47;&#47;errors&#46;edgesuite&#46;net&#47;18&#46;91c1c917&#46;1790170445&#46;48c6576</P>

+</BODY>

+</HTML>
",Major content change: 100.0% text altered
104,ssa-epuf,SSA Earnings Public-Use File (DKAN),SSA,https://www.ssa.gov/data/api/1/dataset/epuf,2026-09-23T13:35:00.219001+00:00,HIGH,content_major,100.0,0.5,,,0.000,,,"--- before (2026-09-22)
+++ after (2026-09-23)
@@ -0,0 +1,10 @@
+<HTML><HEAD>

+<TITLE>Access Denied</TITLE>

+</HEAD><BODY>

+<H1>Access Denied</H1>

+ 

+You don't have permission to access ""http&#58;&#47;&#47;www&#46;ssa&#46;gov&#47;data&#47;api&#47;1&#47;dataset&#47;epuf"" on this server.<P>

+Reference&#32;&#35;18&#46;91c1c917&#46;1790170445&#46;48c6585

+<P>https&#58;&#47;&#47;errors&#46;edgesuite&#46;net&#47;18&#46;91c1c917&#46;1790170445&#46;48c6585</P>

+</BODY>

+</HTML>
",Major content change: 100.0% text altered
105,ssa-ssi-microdata,SSA SSI Public-Use Microdata File (DKAN),SSA,https://www.ssa.gov/data/api/1/dataset/ssr,2026-09-23T13:35:00.219332+00:00,HIGH,content_major,100.0,0.0,,,0.000,,,"--- before (2026-09-22)
+++ after (2026-09-23)
@@ -0,0 +1,10 @@
+<HTML><HEAD>

+<TITLE>Access Denied</TITLE>

+</HEAD><BODY>

+<H1>Access Denied</H1>

+ 

+You don't have permission to access ""http&#58;&#47;&#47;www&#46;ssa&#46;gov&#47;data&#47;api&#47;1&#47;dataset&#47;ssr"" on this server.<P>

+Reference&#32;&#35;18&#46;84c1c917&#46;1790170445&#46;1da2a1f5

+<P>https&#58;&#47;&#47;errors&#46;edgesuite&#46;net&#47;18&#46;84c1c917&#46;1790170445&#46;1da2a1f5</P>

+</BODY>

+</HTML>
",Major content change: 100.0% text altered
106,ssa-disability-insurance-stats,SSA SSDI Annual Statistical Report (DKAN),SSA,https://www.ssa.gov/data/api/1/dataset/di_asr,2026-09-23T13:35:00.219860+00:00,HIGH,content_major,100.0,0.0,,,0.000,,,"--- before (2026-09-22)
+++ after (2026-09-23)
@@ -0,0 +1,10 @@
+<HTML><HEAD>

+<TITLE>Access Denied</TITLE>

+</HEAD><BODY>

+<H1>Access Denied</H1>

+ 

+You don't have permission to access ""http&#58;&#47;&#47;www&#46;ssa&#46;gov&#47;data&#47;api&#47;1&#47;dataset&#47;di&#95;asr"" on this server.<P>

+Reference&#32;&#35;18&#46;91c1c917&#46;1790170445&#46;48c6598

+<P>https&#58;&#47;&#47;errors&#46;edgesuite&#46;net&#47;18&#46;91c1c917&#46;1790170445&#46;48c6598</P>

+</BODY>

+</HTML>
",Major content change: 100.0% text altered
107,ssa-ssi-annual-stats,SSA SSI Annual Statistical Report (DKAN),SSA,https://www.ssa.gov/data/api/1/dataset/ssi_asr,2026-09-23T13:35:00.220280+00:00,HIGH,content_major,100.0,0.0,,,0.000,,,"--- before (2026-09-22)
+++ after (2026-09-23)
@@ -0,0 +1,10 @@
+<HTML><HEAD>

+<TITLE>Access Denied</TITLE>

+</HEAD><BODY>

+<H1>Access Denied</H1>

+ 

+You don't have permission to access ""http&#58;&#47;&#47;www&#46;ssa&#46;gov&#47;data&#47;api&#47;1&#47;dataset&#47;ssi&#95;asr"" on this server.<P>

+Reference&#32;&#35;18&#46;84c1c917&#46;1790170445&#46;1da2a218

+<P>https&#58;&#47;&#47;errors&#46;edgesuite&#46;net&#47;18&#46;84c1c917&#46;1790170445&#46;1da2a218</P>

+</BODY>

+</HTML>
",Major content change: 100.0% text altered
108,ssa-open-data-catalog,SSA Open Data Catalog (DKAN API),SSA,https://www.ssa.gov/data/api/1/metastore/schemas/dataset/items?show-reference-ids,2026-09-23T13:35:00.220666+00:00,HIGH,content_major,100.0,0.0,,,0.000,,,"--- before (2026-09-22)
+++ after (2026-09-23)
@@ -0,0 +1,10 @@
+<HTML><HEAD>

+<TITLE>Access Denied</TITLE>

+</HEAD><BODY>

+<H1>Access Denied</H1>

+ 

+You don't have permission to access ""http&#58;&#47;&#47;www&#46;ssa&#46;gov&#47;data&#47;api&#47;1&#47;metastore&#47;schemas&#47;dataset&#47;items&#63;"" on this server.<P>

+Reference&#32;&#35;18&#46;91c1c917&#46;1790170445&#46;48c65b1

+<P>https&#58;&#47;&#47;errors&#46;edgesuite&#46;net&#47;18&#46;91c1c917&#46;1790170445&#46;48c65b1</P>

+<",Major content change: 100.0% text altered
109,ssa-disability-benefits,SSA Sitemap (proxy for page availability),SSA,https://www.ssa.gov/sitemap.xml,2026-09-23T13:35:05.243120+00:00,HIGH,content_major,100.0,0.5,,,0.000,,,"--- before (2026-09-22)
+++ after (2026-09-23)
@@ -0,0 +1 @@
+Access Denied Access Denied You don't have permission to access ""http://www.ssa.gov/sitemap.xml"" on this server. Reference #18.91c1c917.1790170445.48c65a1 https://errors.edgesuite.net/18.91c1c917.1790170445.48c65a1",Major content change: 100.0% text altered
110,cdc-soda-disability-catalog,CDC Open Data — Disability Dataset Catalog (SODA API),CDC,https://data.cdc.gov/api/views/metadata/v1?limit=100&searchContext=disability,2026-09-23T13:35:36.811863+00:00,HIGH,content_major,100.0,0.7,100,100,0.000,,,"--- before (2026-09-22)
+++ after (2026-09-23)
@@ -0,0 +1,1784 @@
+[ {

+  ""id"" : ""7xz4-qgju"",

+  ""name"" : ""Historical Averages of Pollen Season Timing and Concentrations for Select United States Cities, 2003-2024"",

+  ""attribution"" : ""National Allergy Bureau (NAB) and CDC/NCEH/DEHSP"",

+  ""attributionLink"" : ""https://pollen.aaaai.org/"",

+  ""category"" : ""National Center for Environmental Health"",

+  ""createdAt"" : ""2026-09-15T20:05:49+0000"",

+  ""dataUpdatedAt"" : ""2026-09-18T15:34:47+0000"",

",Major content change: 100.0% text altered
111,cdc-wonder-home,CDC WONDER Query Interface,CDC,https://wonder.cdc.gov/,2026-09-23T13:35:36.814300+00:00,HIGH,content_major,100.0,0.0,,,0.000,,,"--- before (2026-09-22)
+++ after (2026-09-23)
@@ -0,0 +1 @@
+CDC WONDER Skip directly to site content Skip directly to page options Skip directly to A-Z link Skip directly to A-Z link Skip directly to A-Z link An official website of the United States government Here's how you know Official websites use .gov A .gov website belongs to an official government organization in the United States. Secure .gov websites use HTTPS A lock ( ) or https:// means you've safely connected to the .gov website. S",Major content change: 100.0% text altered
112,census-disability-tables,Census Bureau Disability Data Tables,Census,https://www.census.gov/topics/health/disability/data/tables.html,2026-09-23T13:35:36.814805+00:00,HIGH,content_major,100.0,0.0,,,0.000,,,"--- before (2026-09-22)
+++ after (2026-09-23)
@@ -0,0 +1 @@
+Disability Data Tables Disability Data Tables Skip Navigation Within Data Disability Data Tables Tables containing disability estimates from the American Community Survey (ACS) are available on data.census.gov . Many Tables available on www.census.gov are downloadable in XLS, CSV, and PDF file formats. Tables available in data.census.gov can be bookmarked/saved, printed and downloaded. The sources of the data published on census.gov a",Major content change: 100.0% text altered
113,census-disability-topic,Census Bureau Disability Topic Page,Census,https://www.census.gov/topics/health/disability.html,2026-09-23T13:35:36.815234+00:00,HIGH,content_major,100.0,0.0,,,0.000,,,"--- before (2026-09-22)
+++ after (2026-09-23)
@@ -0,0 +1 @@
+Disability Disability Skip Navigation Within Disability Disability The Census Bureau collects data on disability primarily through the American Community Survey (ACS) and the Survey of Income and Program Participation (SIPP). Featured Guidance for Disability Data Users Learn about subjects covered by the data and which data tool to use. Find out about handbooks, data users groups, and related topics. Disability Library Online collecti",Major content change: 100.0% text altered
114,census-sipp-disability,Census SIPP Datasets,Census,https://www.census.gov/programs-surveys/sipp/data/datasets.html,2026-09-23T13:35:36.815814+00:00,HIGH,content_major,100.0,0.0,64,64,0.000,,,"--- before (2026-09-22)
+++ after (2026-09-23)
@@ -0,0 +1 @@
+Survey of Income and Program Participation Datasets Survey of Income and Program Participation Datasets Skip Navigation Within Data Survey of Income and Program Participation Datasets Access SIPP data by year (2018-2025) or panel/wave (1984-2014) in the tabbed lists below. For SIPP data related questions, please visit the Contact Us page. 2025 2024 2023 2022 2021 More 2020 2019 2018 2014 2008 2004 2001 1996 1993 1992 1991 1990 1989 19",Major content change: 100.0% text altered
115,nichd-disability-research,NICHD Disability Research (tombstone — 404 as of 2026-03),NIH,https://www.nichd.nih.gov/research/supported/disability,2026-09-23T13:35:36.816226+00:00,CRITICAL,http_error,0.0,0.0,,,0.000,,,"--- before (2026-09-22)
+++ after (2026-09-23)
@@ -0,0 +1 @@
+Page Not Found | NICHD - Eunice Kennedy Shriver National Institute of Child Health and Human Development Skip to main content NIH Websites Are Changing NIH is moving the launch of its new website to the fall to ensure the best possible experience for everyone who relies on our websites for health information, research, funding opportunities, and other resources. Get the Latest Updates and FAQs Breadcrumb Share Instagram Print Page Not",HTTP 404 — page removed or inaccessible
116,nichd-research-programs,NICHD Research Programs,NIH,https://www.nichd.nih.gov/research/supported,2026-09-23T13:35:37.139242+00:00,CRITICAL,http_error,0.0,0.0,822,822,0.000,,,"--- before (2026-09-22)
+++ after (2026-09-23)
@@ -0,0 +1 @@
+Page Not Found | NICHD - Eunice Kennedy Shriver National Institute of Child Health and Human Development Skip to main content NIH Websites Are Changing NIH is moving the launch of its new website to the fall to ensure the best possible experience for everyone who relies on our websites for health information, research, funding opportunities, and other resources. Get the Latest Updates and FAQs Breadcrumb Share Instagram Print Page Not",HTTP 404 — page removed or inaccessible
117,nih-nidcd-data,NIH NIDCD Hearing/Disability Quick Statistics,NIH,https://www.nidcd.nih.gov/health/statistics/quick-statistics-hearing,2026-09-23T13:35:43.400208+00:00,HIGH,content_major,100.0,0.0,,,0.000,,,"--- before (2026-09-22)
+++ after (2026-09-23)
@@ -0,0 +1 @@
+Quick Statistics About Hearing, Balance, & Dizziness | NIDCD Skip to main content Official websites use .gov A .gov website belongs to an official government organization in the United States. Secure .gov websites use HTTPS A lock ( ) or https:// means you've safely connected to the .gov website. Share sensitive information only on official, secure websites. NIH Websites Are Changing NIH is moving the launch of its new website to the ",Major content change: 100.0% text altered
118,acl-data-research,ACL Aging and Disability Data and Research,ACL,https://acl.gov/aging-and-disability-in-america/data-and-research,2026-09-23T13:35:43.400951+00:00,HIGH,content_major,100.0,0.0,,,0.000,,,"--- before (2026-09-22)
+++ after (2026-09-23)
@@ -0,0 +1 @@
+Data and Research | ACL Administration for Community Living Skip to main content Official websites use .gov A .gov website belongs to an official government organization in the United States. Secure .gov websites use HTTPS A lock ( ) or https:// means you’ve safely connected to the .gov website. Share sensitive information only on official, secure websites. Find Help Announcements A - Z Browse Search MENU Menu × Home Data, Research & ",Major content change: 100.0% text altered
119,acl-programs,ACL Programs Directory,ACL,https://acl.gov/programs,2026-09-23T13:35:43.401467+00:00,HIGH,content_major,100.0,0.0,264,264,0.000,,,"--- before (2026-09-22)
+++ after (2026-09-23)
@@ -0,0 +1 @@
+Program and Policy Areas | ACL Administration for Community Living Skip to main content Official websites use .gov A .gov website belongs to an official government organization in the United States. Secure .gov websites use HTTPS A lock ( ) or https:// means you’ve safely connected to the .gov website. Share sensitive information only on official, secure websites. Find Help Announcements A - Z Browse Search MENU Menu × Home Program an",Major content change: 100.0% text altered
120,nci-data-portal,National Core Indicators Data Files,ACL,https://www.nationalcoreindicators.org/resources/data/,2026-09-23T13:35:43.402001+00:00,CRITICAL,external_redirect,0.0,0.0,84,84,0.000,,,"--- before (2026-09-22)
+++ after (2026-09-23)
@@ -0,0 +1 @@
+Resources | National Core Indicators National Core Indicators State Login Login » Username Password Forgot Password Old Homepage About Overview Indicators Mission History Staff NCI States Alabama Alaska Arizona Arkansas California Colorado Connecticut Delaware Florida Georgia Hawaii Idaho Illinois Indiana Kansas Kentucky Louisiana Maine Maryland Massachusetts Michigan Minnesota Mississippi Missouri Montana Nebraska Nevada New Hampshir",Redirected to non-.gov: https://legacy.nationalcoreindicators.org/resources/data
121,acl-home,ACL Homepage,ACL,https://acl.gov/,2026-09-23T13:35:49.670927+00:00,HIGH,content_major,100.0,0.0,,,0.000,,,"--- before (2026-09-22)
+++ after (2026-09-23)
@@ -0,0 +1 @@
+Home Page | ACL Administration for Community Living Skip to main content Official websites use .gov A .gov website belongs to an official government organization in the United States. Secure .gov websites use HTTPS A lock ( ) or https:// means you’ve safely connected to the .gov website. Share sensitive information only on official, secure websites. Find Help Announcements A - Z Browse Search MENU Menu × Advancing Community Living for",Major content change: 100.0% text altered
122,dol-odep-statistics,DOL ODEP Disability Statistics,DOL,https://www.dol.gov/agencies/odep/research-evaluation/statistics,2026-09-23T13:35:49.671519+00:00,HIGH,content_major,100.0,0.0,,,0.000,,,"--- before (2026-09-22)
+++ after (2026-09-23)
@@ -0,0 +1 @@
+Disability Employment Statistics | U.S. Department of Labor Skip to main content",Major content change: 100.0% text altered
123,bls-disability-release-toc,BLS Disability Employment News Release (TOC),BLS,https://www.bls.gov/news.release/disabl.toc.htm,2026-09-23T13:35:54.744610+00:00,HIGH,content_major,100.0,0.0,,,0.000,,,"--- before (2026-09-22)
+++ after (2026-09-23)
@@ -0,0 +1 @@
+Access Denied Bureau of Labor Statistics Access Denied The BLS is committed to providing data promptly and according to established schedules. Automated retrieval programs (commonly called ""robots"" or ""bots"") can cause delays and interfere with other customers' timely access to information. Therefore, bot activity that doesn't conform to BLS usage policy is prohibited. We apologize for any inconvenience. If you believe we have made an",Major content change: 100.0% text altered
124,bls-disability-data-tables,BLS Disability Employment Data Tables,BLS,https://www.bls.gov/news.release/disabl.nr0.htm,2026-09-23T13:35:59.769216+00:00,HIGH,content_major,100.0,0.0,,,0.000,,,"--- before (2026-09-22)
+++ after (2026-09-23)
@@ -0,0 +1 @@
+Access Denied Bureau of Labor Statistics Access Denied The BLS is committed to providing data promptly and according to established schedules. Automated retrieval programs (commonly called ""robots"" or ""bots"") can cause delays and interfere with other customers' timely access to information. Therefore, bot activity that doesn't conform to BLS usage policy is prohibited. We apologize for any inconvenience. If you believe we have made an",Major content change: 100.0% text altered
125,bls-disability-flat-files,BLS Employment Level — With Disability (CPS Series LNU02074593),BLS,https://api.bls.gov/publicAPI/v2/timeseries/data/LNU02074593?startyear=2023&endyear=2025,2026-09-23T13:35:59.769746+00:00,HIGH,content_major,100.0,0.0,4,4,0.000,,,"--- before (2026-09-22)
+++ after (2026-09-23)
@@ -0,0 +1,4 @@
+{""status"":""REQUEST_SUCCEEDED"",""responseTime"":59,""message"":[],""Results"":{

+""series"":

+[{""seriesID"":""LNU02074593"",""data"":[{""year"":""2025"",""period"":""M12"",""periodName"":""December"",""value"":""155260"",""footnotes"":[{}]},{""year"":""2025"",""period"":""M11"",""periodName"":""November"",""value"":""155143"",""footnotes"":[{}]},{""year"":""2025"",""period"":""M10"",""periodName"":""October"",""value"":""-"",""footnotes"":[{""code"":""9"",""text"":""Data unavailable due to the 2025 lapse",Major content change: 100.0% text altered
126,askjan-home,Job Accommodation Network Homepage,JAN,https://askjan.org/,2026-09-23T13:35:59.770146+00:00,HIGH,content_major,100.0,0.3,,,0.000,,,"--- before (2026-09-22)
+++ after (2026-09-23)
@@ -0,0 +1 @@
+JAN - Job Accommodation Network Skip to main navigation Skip to search Skip to content Open Search Close Search Search the site: Click to Search Contact Open Close Employers Individuals Toolkit A to Z Situations & Solutions Finder MyJAN Publications Training About JAN Search the site: Search Information By Role Toolkit A to Z of Disabilities & Accommodations ADA Library Situations & Solutions Finder MyJAN Publications Training About J",Major content change: 100.0% text altered
127,askjan-a-to-z,JAN A-to-Z Disability Index,JAN,https://askjan.org/a-to-z.cfm,2026-09-23T13:35:59.770637+00:00,HIGH,content_major,100.0,0.0,,,0.000,,,"--- before (2026-09-22)
+++ after (2026-09-23)
@@ -0,0 +1 @@
+A to Z of Disabilities and Accommodations Close Menu Close A to Z of Disabilities and Accommodations home If you are looking for information on job accommodations, the Americans with Disabilities Act or Rehabilitation Act, or topics related to disability employment, see the listings below for various topics covered by JAN. JAN provides the following A to Z listings by disability, topic, and limitation. This information is designed to ",Major content change: 100.0% text altered
128,ofccp-section503,OFCCP Section 503 Disability Page,DOL,https://www.dol.gov/agencies/ofccp/disability,2026-09-23T13:35:59.771151+00:00,CRITICAL,http_error,0.0,0.0,,,0.000,,,"--- before (2026-09-22)
+++ after (2026-09-23)
@@ -0,0 +1 @@
+Page Not Found | U.S. Department of Labor Skip to main content",HTTP 404 — page removed or inaccessible
129,ed-idea-data,IDEA Data Center,ED,https://sites.ed.gov/idea/data/,2026-09-23T13:36:00.062444+00:00,HIGH,content_major,100.0,0.2,,,0.000,,,"--- before (2026-09-22)
+++ after (2026-09-23)
@@ -0,0 +1 @@
+Azure WAF",Major content change: 100.0% text altered
130,ed-special-ed-childcount,IDEA Child Count and Educational Environments,ED,https://sites.ed.gov/idea/data/child-count-and-educational-environments/,2026-09-23T13:36:00.063011+00:00,HIGH,content_major,100.0,0.8,,,0.000,,,"--- before (2026-09-22)
+++ after (2026-09-23)
@@ -0,0 +1 @@
+Azure WAF",Major content change: 100.0% text altered
131,ed-disability-page,ED Office of Special Education Programs,ED,https://www.ed.gov/about/offices/list/osers/osep/index.html,2026-09-23T13:36:00.063402+00:00,HIGH,content_major,100.0,0.1,,,0.000,,,"--- before (2026-09-22)
+++ after (2026-09-23)
@@ -0,0 +1 @@
+Azure WAF",Major content change: 100.0% text altered
132,hhs-disability-page,HHS Disability Topic Page,HHS,https://www.hhs.gov/programs/topic-sites/disability/index.html,2026-09-23T13:37:00.087966+00:00,HIGH,content_major,100.0,0.5,,,0.000,,,"--- before (2026-09-22)
+++ after (2026-09-23)
@@ -0,0 +1 @@
+Access Denied Access Denied You don't have permission to access ""http://www.hhs.gov/programs/topic-sites/disability/index.html"" on this server. Reference #18.8d6d3e17.1790170451.182e5379 https://errors.edgesuite.net/18.8d6d3e17.1790170451.182e5379",Major content change: 100.0% text altered
133,hhs-section504,HHS Section 504 Civil Rights (Disability),HHS,https://www.hhs.gov/civil-rights/for-individuals/disability/index.html,2026-09-23T13:38:00.111089+00:00,HIGH,content_major,100.0,0.5,,,0.000,,,"--- before (2026-09-22)
+++ after (2026-09-23)
@@ -0,0 +1 @@
+Access Denied Access Denied You don't have permission to access ""http://www.hhs.gov/civil-rights/for-individuals/disability/index.html"" on this server. Reference #18.8d6d3e17.1790170451.182e5378 https://errors.edgesuite.net/18.8d6d3e17.1790170451.182e5378",Major content change: 100.0% text altered
134,hhs-open-data-catalog,HHS Open Data Catalog (data.json),HHS,https://www.hhs.gov/data.json,2026-09-23T13:38:00.111636+00:00,HIGH,content_major,100.0,0.5,,,0.000,,,"--- before (2026-09-22)
+++ after (2026-09-23)
@@ -0,0 +1,10 @@
+<HTML><HEAD>

+<TITLE>Access Denied</TITLE>

+</HEAD><BODY>

+<H1>Access Denied</H1>

+ 

+You don't have permission to access ""http&#58;&#47;&#47;www&#46;hhs&#46;gov&#47;data&#46;json"" on this server.<P>

+Reference&#32;&#35;18&#46;8d6d3e17&#46;1790170451&#46;182e5407

+<P>https&#58;&#47;&#47;errors&#46;edgesuite&#46;net&#47;18&#46;8d6d3e17&#46;1790170451&#46;182e5407</P>

+</BODY>

+</HTML>
",Major content change: 100.0% text altered
135,cms-dkan-disability-catalog,CMS Open Data Catalog (data.json),CMS,https://data.cms.gov/data.json,2026-09-23T13:38:00.112393+00:00,HIGH,content_major,100.0,0.0,6,6,0.000,,,"--- before (2026-09-22)
+++ after (2026-09-23)
@@ -0,0 +1 @@
+{""@context"":""https:\/\/project-open-data.cio.gov\/v1.1\/schema\/catalog.jsonld"",""@id"":""https:\/\/data.cms.gov\/data.json"",""@type"":""dcat:Catalog"",""conformsTo"":""https:\/\/project-open-data.cio.gov\/v1.1\/schema"",""describedBy"":""https:\/\/project-open-data.cio.gov\/v1.1\/schema\/catalog.json"",""dataset"":[{""@type"":""dcat:Dataset"",""accessLevel"":""public"",""accessRights"":""Open"",""accrualPeriodicity"":""R\/P1Y"",""bureauCode"":[""009:38""],""contactPoint""",Major content change: 100.0% text altered
136,ssa-press-releases,SSA Press Releases RSS Feed,SSA,https://www.ssa.gov/rss/mr.xml,2026-09-24T13:30:37.828352+00:00,HIGH,content_major,100.0,0.0,,,0.000,,,"--- before (2026-09-23)
+++ after (2026-09-24)
@@ -0,0 +1 @@
+Access Denied Access Denied You don't have permission to access ""http://www.ssa.gov/rss/mr.xml"" on this server. Reference #18.daab3717.1790256572.e651ed70 https://errors.edgesuite.net/18.daab3717.1790256572.e651ed70",Major content change: 100.0% text altered
137,ssa-public-use-data-index,SSA Public-Use Data Files (DKAN Catalog),SSA,https://www.ssa.gov/data/api/1/metastore/schemas/dataset/items?show-reference-ids,2026-09-24T13:30:37.829010+00:00,HIGH,content_major,100.0,0.5,,,0.000,,,"--- before (2026-09-23)
+++ after (2026-09-24)
@@ -0,0 +1,10 @@
+<HTML><HEAD>

+<TITLE>Access Denied</TITLE>

+</HEAD><BODY>

+<H1>Access Denied</H1>

+ 

+You don't have permission to access ""http&#58;&#47;&#47;www&#46;ssa&#46;gov&#47;data&#47;api&#47;1&#47;metastore&#47;schemas&#47;dataset&#47;items&#63;"" on this server.<P>

+Reference&#32;&#35;18&#46;daab3717&#46;1790256572&#46;e651ed80

+<P>https&#58;&#47;&#47;errors&#46;edgesuite&#46;net&#47;18&#46;daab3717&#46;1790256572&#46;e651ed80</P>

",Major content change: 100.0% text altered
138,ssa-bepuf-2020,SSA Benefits & Earnings Public-Use File 2020 (DKAN),SSA,https://www.ssa.gov/data/api/1/dataset/bepuf-2020,2026-09-24T13:30:37.829605+00:00,HIGH,content_major,100.0,0.0,,,0.000,,,"--- before (2026-09-23)
+++ after (2026-09-24)
@@ -0,0 +1,10 @@
+<HTML><HEAD>

+<TITLE>Access Denied</TITLE>

+</HEAD><BODY>

+<H1>Access Denied</H1>

+ 

+You don't have permission to access ""http&#58;&#47;&#47;www&#46;ssa&#46;gov&#47;data&#47;api&#47;1&#47;dataset&#47;bepuf&#45;2020"" on this server.<P>

+Reference&#32;&#35;18&#46;d6ab3717&#46;1790256572&#46;20c0079

+<P>https&#58;&#47;&#47;errors&#46;edgesuite&#46;net&#47;18&#46;d6ab3717&#46;1790256572&#46;20c0079</P>

+</BODY>

+</HTML>
",Major content change: 100.0% text altered
139,ssa-epuf,SSA Earnings Public-Use File (DKAN),SSA,https://www.ssa.gov/data/api/1/dataset/epuf,2026-09-24T13:30:37.830181+00:00,HIGH,content_major,100.0,0.5,,,0.000,,,"--- before (2026-09-23)
+++ after (2026-09-24)
@@ -0,0 +1,10 @@
+<HTML><HEAD>

+<TITLE>Access Denied</TITLE>

+</HEAD><BODY>

+<H1>Access Denied</H1>

+ 

+You don't have permission to access ""http&#58;&#47;&#47;www&#46;ssa&#46;gov&#47;data&#47;api&#47;1&#47;dataset&#47;epuf"" on this server.<P>

+Reference&#32;&#35;18&#46;daab3717&#46;1790256572&#46;e651ed7d

+<P>https&#58;&#47;&#47;errors&#46;edgesuite&#46;net&#47;18&#46;daab3717&#46;1790256572&#46;e651ed7d</P>

+</BODY>

+</HTML>
",Major content change: 100.0% text altered
140,ssa-ssi-microdata,SSA SSI Public-Use Microdata File (DKAN),SSA,https://www.ssa.gov/data/api/1/dataset/ssr,2026-09-24T13:30:37.830750+00:00,HIGH,content_major,100.0,0.0,,,0.000,,,"--- before (2026-09-23)
+++ after (2026-09-24)
@@ -0,0 +1,10 @@
+<HTML><HEAD>

+<TITLE>Access Denied</TITLE>

+</HEAD><BODY>

+<H1>Access Denied</H1>

+ 

+You don't have permission to access ""http&#58;&#47;&#47;www&#46;ssa&#46;gov&#47;data&#47;api&#47;1&#47;dataset&#47;ssr"" on this server.<P>

+Reference&#32;&#35;18&#46;daab3717&#46;1790256572&#46;e651ed74

+<P>https&#58;&#47;&#47;errors&#46;edgesuite&#46;net&#47;18&#46;daab3717&#46;1790256572&#46;e651ed74</P>

+</BODY>

+</HTML>
",Major content change: 100.0% text altered
141,ssa-disability-insurance-stats,SSA SSDI Annual Statistical Report (DKAN),SSA,https://www.ssa.gov/data/api/1/dataset/di_asr,2026-09-24T13:30:37.831327+00:00,HIGH,content_major,100.0,0.5,,,0.000,,,"--- before (2026-09-23)
+++ after (2026-09-24)
@@ -0,0 +1,10 @@
+<HTML><HEAD>

+<TITLE>Access Denied</TITLE>

+</HEAD><BODY>

+<H1>Access Denied</H1>

+ 

+You don't have permission to access ""http&#58;&#47;&#47;www&#46;ssa&#46;gov&#47;data&#47;api&#47;1&#47;dataset&#47;di&#95;asr"" on this server.<P>

+Reference&#32;&#35;18&#46;daab3717&#46;1790256572&#46;e651edd4

+<P>https&#58;&#47;&#47;errors&#46;edgesuite&#46;net&#47;18&#46;daab3717&#46;1790256572&#46;e651edd4</P>

+</BODY>

+</HTML>
",Major content change: 100.0% text altered
142,ssa-ssi-annual-stats,SSA SSI Annual Statistical Report (DKAN),SSA,https://www.ssa.gov/data/api/1/dataset/ssi_asr,2026-09-24T13:30:37.831857+00:00,HIGH,content_major,100.0,0.5,,,0.000,,,"--- before (2026-09-23)
+++ after (2026-09-24)
@@ -0,0 +1,10 @@
+<HTML><HEAD>

+<TITLE>Access Denied</TITLE>

+</HEAD><BODY>

+<H1>Access Denied</H1>

+ 

+You don't have permission to access ""http&#58;&#47;&#47;www&#46;ssa&#46;gov&#47;data&#47;api&#47;1&#47;dataset&#47;ssi&#95;asr"" on this server.<P>

+Reference&#32;&#35;18&#46;d6ab3717&#46;1790256572&#46;20c00e6

+<P>https&#58;&#47;&#47;errors&#46;edgesuite&#46;net&#47;18&#46;d6ab3717&#46;1790256572&#46;20c00e6</P>

+</BODY>

+</HTML>
",Major content change: 100.0% text altered
143,ssa-open-data-catalog,SSA Open Data Catalog (DKAN API),SSA,https://www.ssa.gov/data/api/1/metastore/schemas/dataset/items?show-reference-ids,2026-09-24T13:30:37.832427+00:00,HIGH,content_major,100.0,0.0,,,0.000,,,"--- before (2026-09-23)
+++ after (2026-09-24)
@@ -0,0 +1,10 @@
+<HTML><HEAD>

+<TITLE>Access Denied</TITLE>

+</HEAD><BODY>

+<H1>Access Denied</H1>

+ 

+You don't have permission to access ""http&#58;&#47;&#47;www&#46;ssa&#46;gov&#47;data&#47;api&#47;1&#47;metastore&#47;schemas&#47;dataset&#47;items&#63;"" on this server.<P>

+Reference&#32;&#35;18&#46;d6ab3717&#46;1790256572&#46;20c00e9

+<P>https&#58;&#47;&#47;errors&#46;edgesuite&#46;net&#47;18&#46;d6ab3717&#46;1790256572&#46;20c00e9</P>

+<",Major content change: 100.0% text altered
144,ssa-disability-benefits,SSA Sitemap (proxy for page availability),SSA,https://www.ssa.gov/sitemap.xml,2026-09-24T13:31:26.610814+00:00,HIGH,content_major,100.0,0.0,,,0.000,,,"--- before (2026-09-23)
+++ after (2026-09-24)
@@ -0,0 +1 @@
+[CDX proxy] digest= ts=20081018142859",Major content change: 100.0% text altered
145,ssa-bluebook-listings,SSA Blue Book Listing of Impairments,SSA,https://www.ssa.gov/disability/professionals/bluebook/listing-impairments.htm,2026-09-24T13:31:31.681418+00:00,HIGH,http_error,100.0,0.5,,,0.000,,,"--- before (2026-09-23)
+++ after (2026-09-24)
@@ -0,0 +1 @@
+Access Denied Access Denied You don't have permission to access ""http://www.ssa.gov/disability/professionals/bluebook/listing-impairments.htm"" on this server. Reference #18.d6ab3717.1790256572.20c014c https://errors.edgesuite.net/18.d6ab3717.1790256572.20c014c",HTTP status changed: 200 → 403
146,cdc-soda-disability-catalog,CDC Open Data — Disability Dataset Catalog (SODA API),CDC,https://data.cdc.gov/api/views/metadata/v1?limit=100&searchContext=disability,2026-09-24T13:31:31.683360+00:00,HIGH,content_major,100.0,0.0,100,100,0.000,,,"--- before (2026-09-23)
+++ after (2026-09-24)
@@ -0,0 +1,1784 @@
+[ {

+  ""id"" : ""7xz4-qgju"",

+  ""name"" : ""Historical Averages of Pollen Season Timing and Concentrations for Select United States Cities, 2003-2024"",

+  ""attribution"" : ""National Allergy Bureau (NAB) and CDC/NCEH/DEHSP"",

+  ""attributionLink"" : ""https://pollen.aaaai.org/"",

+  ""category"" : ""National Center for Environmental Health"",

+  ""createdAt"" : ""2026-09-15T20:05:49+0000"",

+  ""dataUpdatedAt"" : ""2026-09-18T15:34:47+0000"",

",Major content change: 100.0% text altered
147,census-disability-tables,Census Bureau Disability Data Tables,Census,https://www.census.gov/topics/health/disability/data/tables.html,2026-09-24T13:31:31.686326+00:00,HIGH,content_major,100.0,0.0,,,0.000,,,"--- before (2026-09-23)
+++ after (2026-09-24)
@@ -0,0 +1 @@
+Disability Data Tables Disability Data Tables Skip Navigation Within Data Disability Data Tables Tables containing disability estimates from the American Community Survey (ACS) are available on data.census.gov . Many Tables available on www.census.gov are downloadable in XLS, CSV, and PDF file formats. Tables available in data.census.gov can be bookmarked/saved, printed and downloaded. The sources of the data published on census.gov a",Major content change: 100.0% text altered
148,census-disability-topic,Census Bureau Disability Topic Page,Census,https://www.census.gov/topics/health/disability.html,2026-09-24T13:31:31.686885+00:00,HIGH,content_major,100.0,0.0,,,0.000,,,"--- before (2026-09-23)
+++ after (2026-09-24)
@@ -0,0 +1 @@
+Disability Disability Skip Navigation Within Disability Disability The Census Bureau collects data on disability primarily through the American Community Survey (ACS) and the Survey of Income and Program Participation (SIPP). Featured Guidance for Disability Data Users Learn about subjects covered by the data and which data tool to use. Find out about handbooks, data users groups, and related topics. Disability Library Online collecti",Major content change: 100.0% text altered
149,census-sipp-disability,Census SIPP Datasets,Census,https://www.census.gov/programs-surveys/sipp/data/datasets.html,2026-09-24T13:31:31.687653+00:00,HIGH,content_major,100.0,0.0,64,64,0.000,,,"--- before (2026-09-23)
+++ after (2026-09-24)
@@ -0,0 +1 @@
+Survey of Income and Program Participation Datasets Survey of Income and Program Participation Datasets Skip Navigation Within Data Survey of Income and Program Participation Datasets Access SIPP data by year (2018-2025) or panel/wave (1984-2014) in the tabbed lists below. For SIPP data related questions, please visit the Contact Us page. 2025 2024 2023 2022 2021 More 2020 2019 2018 2014 2008 2004 2001 1996 1993 1992 1991 1990 1989 19",Major content change: 100.0% text altered
150,nichd-disability-research,NICHD Disability Research (tombstone — 404 as of 2026-03),NIH,https://www.nichd.nih.gov/research/supported/disability,2026-09-24T13:31:31.688233+00:00,CRITICAL,http_error,0.0,0.0,,,0.000,,,"--- before (2026-09-23)
+++ after (2026-09-24)
@@ -0,0 +1 @@
+Page Not Found | NICHD - Eunice Kennedy Shriver National Institute of Child Health and Human Development Skip to main content NIH Websites Are Changing NIH is moving the launch of its new website to the fall to ensure the best possible experience for everyone who relies on our websites for health information, research, funding opportunities, and other resources. Get the Latest Updates and FAQs Breadcrumb Share Instagram Print Page Not",HTTP 404 — page removed or inaccessible
151,nichd-research-programs,NICHD Research Programs,NIH,https://www.nichd.nih.gov/research/supported,2026-09-24T13:31:32.315325+00:00,CRITICAL,http_error,0.0,0.0,822,822,0.000,,,"--- before (2026-09-23)
+++ after (2026-09-24)
@@ -0,0 +1 @@
+Page Not Found | NICHD - Eunice Kennedy Shriver National Institute of Child Health and Human Development Skip to main content NIH Websites Are Changing NIH is moving the launch of its new website to the fall to ensure the best possible experience for everyone who relies on our websites for health information, research, funding opportunities, and other resources. Get the Latest Updates and FAQs Breadcrumb Share Instagram Print Page Not",HTTP 404 — page removed or inaccessible
152,nih-nidcd-data,NIH NIDCD Hearing/Disability Quick Statistics,NIH,https://www.nidcd.nih.gov/health/statistics/quick-statistics-hearing,2026-09-24T13:31:38.887587+00:00,HIGH,content_major,100.0,0.0,,,0.000,,,"--- before (2026-09-23)
+++ after (2026-09-24)
@@ -0,0 +1 @@
+Quick Statistics About Hearing, Balance, & Dizziness | NIDCD Skip to main content Official websites use .gov A .gov website belongs to an official government organization in the United States. Secure .gov websites use HTTPS A lock ( ) or https:// means you've safely connected to the .gov website. Share sensitive information only on official, secure websites. NIH Websites Are Changing NIH is moving the launch of its new website to the ",Major content change: 100.0% text altered
153,acl-data-research,ACL Aging and Disability Data and Research,ACL,https://acl.gov/aging-and-disability-in-america/data-and-research,2026-09-24T13:31:38.888461+00:00,HIGH,content_major,100.0,0.0,,,0.000,,,"--- before (2026-09-23)
+++ after (2026-09-24)
@@ -0,0 +1 @@
+Data and Research | ACL Administration for Community Living Skip to main content Official websites use .gov A .gov website belongs to an official government organization in the United States. Secure .gov websites use HTTPS A lock ( ) or https:// means you’ve safely connected to the .gov website. Share sensitive information only on official, secure websites. Find Help Announcements A - Z Browse Search MENU Menu × Home Data, Research & ",Major content change: 100.0% text altered
154,acl-programs,ACL Programs Directory,ACL,https://acl.gov/programs,2026-09-24T13:31:38.889205+00:00,HIGH,content_major,100.0,0.0,264,264,0.000,,,"--- before (2026-09-23)
+++ after (2026-09-24)
@@ -0,0 +1 @@
+Program and Policy Areas | ACL Administration for Community Living Skip to main content Official websites use .gov A .gov website belongs to an official government organization in the United States. Secure .gov websites use HTTPS A lock ( ) or https:// means you’ve safely connected to the .gov website. Share sensitive information only on official, secure websites. Find Help Announcements A - Z Browse Search MENU Menu × Home Program an",Major content change: 100.0% text altered
155,nci-data-portal,National Core Indicators Data Files,ACL,https://www.nationalcoreindicators.org/resources/data/,2026-09-24T13:31:38.889962+00:00,CRITICAL,external_redirect,0.0,0.0,84,84,0.000,,,"--- before (2026-09-23)
+++ after (2026-09-24)
@@ -0,0 +1 @@
+Resources | National Core Indicators National Core Indicators State Login Login » Username Password Forgot Password Old Homepage About Overview Indicators Mission History Staff NCI States Alabama Alaska Arizona Arkansas California Colorado Connecticut Delaware Florida Georgia Hawaii Idaho Illinois Indiana Kansas Kentucky Louisiana Maine Maryland Massachusetts Michigan Minnesota Mississippi Missouri Montana Nebraska Nevada New Hampshir",Redirected to non-.gov: https://legacy.nationalcoreindicators.org/resources/data
156,acl-home,ACL Homepage,ACL,https://acl.gov/,2026-09-24T13:31:45.460961+00:00,HIGH,content_major,100.0,0.0,,,0.000,,,"--- before (2026-09-23)
+++ after (2026-09-24)
@@ -0,0 +1 @@
+Home Page | ACL Administration for Community Living Skip to main content Official websites use .gov A .gov website belongs to an official government organization in the United States. Secure .gov websites use HTTPS A lock ( ) or https:// means you’ve safely connected to the .gov website. Share sensitive information only on official, secure websites. Find Help Announcements A - Z Browse Search MENU Menu × Advancing Community Living for",Major content change: 100.0% text altered
157,dol-odep-statistics,DOL ODEP Disability Statistics,DOL,https://www.dol.gov/agencies/odep/research-evaluation/statistics,2026-09-24T13:31:45.461679+00:00,HIGH,content_major,100.0,1.2,,,0.000,,,"--- before (2026-09-23)
+++ after (2026-09-24)
@@ -0,0 +1 @@
+Disability Employment Statistics | U.S. Department of Labor Skip to main content",Major content change: 100.0% text altered
158,bls-disability-release-toc,BLS Disability Employment News Release (TOC),BLS,https://www.bls.gov/news.release/disabl.toc.htm,2026-09-24T13:31:57.218064+00:00,HIGH,content_major,100.0,0.1,,,0.000,,,"--- before (2026-09-23)
+++ after (2026-09-24)
@@ -0,0 +1 @@
+[CDX proxy] digest= ts=20100831112452",Major content change: 100.0% text altered
159,bls-disability-data-tables,BLS Disability Employment Data Tables,BLS,https://www.bls.gov/news.release/disabl.nr0.htm,2026-09-24T13:32:02.286550+00:00,HIGH,content_major,100.0,0.1,,,0.000,,,"--- before (2026-09-23)
+++ after (2026-09-24)
@@ -0,0 +1 @@
+Access Denied Bureau of Labor Statistics Access Denied The BLS is committed to providing data promptly and according to established schedules. Automated retrieval programs (commonly called ""robots"" or ""bots"") can cause delays and interfere with other customers' timely access to information. Therefore, bot activity that doesn't conform to BLS usage policy is prohibited. We apologize for any inconvenience. If you believe we have made an",Major content change: 100.0% text altered
160,bls-disability-flat-files,BLS Employment Level — With Disability (CPS Series LNU02074593),BLS,https://api.bls.gov/publicAPI/v2/timeseries/data/LNU02074593?startyear=2023&endyear=2025,2026-09-24T13:32:02.287195+00:00,HIGH,content_major,100.0,0.0,4,4,0.000,,,"--- before (2026-09-23)
+++ after (2026-09-24)
@@ -0,0 +1,4 @@
+{""status"":""REQUEST_SUCCEEDED"",""responseTime"":85,""message"":[],""Results"":{

+""series"":

+[{""seriesID"":""LNU02074593"",""data"":[{""year"":""2025"",""period"":""M12"",""periodName"":""December"",""value"":""155260"",""footnotes"":[{}]},{""year"":""2025"",""period"":""M11"",""periodName"":""November"",""value"":""155143"",""footnotes"":[{}]},{""year"":""2025"",""period"":""M10"",""periodName"":""October"",""value"":""-"",""footnotes"":[{""code"":""9"",""text"":""Data unavailable due to the 2025 lapse",Major content change: 100.0% text altered
161,askjan-home,Job Accommodation Network Homepage,JAN,https://askjan.org/,2026-09-24T13:32:02.287772+00:00,HIGH,content_major,100.0,0.3,,,0.000,,,"--- before (2026-09-23)
+++ after (2026-09-24)
@@ -0,0 +1 @@
+JAN - Job Accommodation Network Skip to main navigation Skip to search Skip to content Open Search Close Search Search the site: Click to Search Contact Open Close Employers Individuals Toolkit A to Z Situations & Solutions Finder MyJAN Publications Training About JAN Search the site: Search Information By Role Toolkit A to Z of Disabilities & Accommodations ADA Library Situations & Solutions Finder MyJAN Publications Training About J",Major content change: 100.0% text altered
162,askjan-a-to-z,JAN A-to-Z Disability Index,JAN,https://askjan.org/a-to-z.cfm,2026-09-24T13:32:02.288542+00:00,HIGH,content_major,100.0,0.0,,,0.000,,,"--- before (2026-09-23)
+++ after (2026-09-24)
@@ -0,0 +1 @@
+A to Z of Disabilities and Accommodations Close Menu Close A to Z of Disabilities and Accommodations home If you are looking for information on job accommodations, the Americans with Disabilities Act or Rehabilitation Act, or topics related to disability employment, see the listings below for various topics covered by JAN. JAN provides the following A to Z listings by disability, topic, and limitation. This information is designed to ",Major content change: 100.0% text altered
163,ofccp-section503,OFCCP Section 503 Disability Page,DOL,https://www.dol.gov/agencies/ofccp/disability,2026-09-24T13:32:02.289364+00:00,CRITICAL,http_error,0.0,0.0,,,0.000,,,"--- before (2026-09-23)
+++ after (2026-09-24)
@@ -0,0 +1 @@
+Page Not Found | U.S. Department of Labor Skip to main content",HTTP 404 — page removed or inaccessible
164,ed-idea-data,IDEA Data Center,ED,https://sites.ed.gov/idea/data/,2026-09-24T13:32:02.735132+00:00,HIGH,content_major,100.0,0.0,,,0.000,,,"--- before (2026-09-23)
+++ after (2026-09-24)
@@ -0,0 +1 @@
+Azure WAF",Major content change: 100.0% text altered
165,ed-special-ed-childcount,IDEA Child Count and Educational Environments,ED,https://sites.ed.gov/idea/data/child-count-and-educational-environments/,2026-09-24T13:32:02.735860+00:00,HIGH,content_major,100.0,0.1,,,0.000,,,"--- before (2026-09-23)
+++ after (2026-09-24)
@@ -0,0 +1 @@
+Azure WAF",Major content change: 100.0% text altered
166,ed-disability-page,ED Office of Special Education Programs,ED,https://www.ed.gov/about/offices/list/osers/osep/index.html,2026-09-24T13:32:02.736398+00:00,HIGH,content_major,100.0,0.4,,,0.000,,,"--- before (2026-09-23)
+++ after (2026-09-24)
@@ -0,0 +1 @@
+Azure WAF",Major content change: 100.0% text altered
167,hhs-disability-page,HHS Disability Topic Page,HHS,https://www.hhs.gov/programs/topic-sites/disability/index.html,2026-09-24T13:33:02.798810+00:00,HIGH,content_major,100.0,0.5,,,0.000,,,"--- before (2026-09-23)
+++ after (2026-09-24)
@@ -0,0 +1 @@
+Access Denied Access Denied You don't have permission to access ""http://www.hhs.gov/programs/topic-sites/disability/index.html"" on this server. Reference #18.a489cc17.1790256576.eaa0b37 https://errors.edgesuite.net/18.a489cc17.1790256576.eaa0b37",Major content change: 100.0% text altered
168,hhs-section504,HHS Section 504 Civil Rights (Disability),HHS,https://www.hhs.gov/civil-rights/for-individuals/disability/index.html,2026-09-24T13:34:02.936983+00:00,HIGH,content_major,100.0,0.5,,,0.000,,,"--- before (2026-09-23)
+++ after (2026-09-24)
@@ -0,0 +1 @@
+Access Denied Access Denied You don't have permission to access ""http://www.hhs.gov/civil-rights/for-individuals/disability/index.html"" on this server. Reference #18.a489cc17.1790256576.eaa0b53 https://errors.edgesuite.net/18.a489cc17.1790256576.eaa0b53",Major content change: 100.0% text altered
169,hhs-open-data-catalog,HHS Open Data Catalog (data.json),HHS,https://www.hhs.gov/data.json,2026-09-24T13:34:02.937737+00:00,HIGH,content_major,100.0,0.5,,,0.000,,,"--- before (2026-09-23)
+++ after (2026-09-24)
@@ -0,0 +1,10 @@
+<HTML><HEAD>

+<TITLE>Access Denied</TITLE>

+</HEAD><BODY>

+<H1>Access Denied</H1>

+ 

+You don't have permission to access ""http&#58;&#47;&#47;www&#46;hhs&#46;gov&#47;data&#46;json"" on this server.<P>

+Reference&#32;&#35;18&#46;a489cc17&#46;1790256576&#46;eaa0b3b

+<P>https&#58;&#47;&#47;errors&#46;edgesuite&#46;net&#47;18&#46;a489cc17&#46;1790256576&#46;eaa0b3b</P>

+</BODY>

+</HTML>
",Major content change: 100.0% text altered
170,gsa-section508,Section508.gov (GSA IT Accessibility Program),GSA,https://www.section508.gov/,2026-09-24T13:34:02.938545+00:00,HIGH,content_major,100.0,0.0,,,0.000,,,"--- before (2026-09-23)
+++ after (2026-09-24)
@@ -0,0 +1 @@
+Home | Section508.gov Skip to main content Official websites use .gov A .gov website belongs to an official government organization in the United States. Secure .gov websites use HTTPS A lock ( ) or https:// means you’ve safely connected to the .gov website. Share sensitive information only on official, secure websites. ˄ Top Section 508 of the Rehabilitation Act Check your solicitation for Section 508 compliance Explore the updated S",Major content change: 100.0% text altered
171,cms-dkan-disability-catalog,CMS Open Data Catalog (data.json),CMS,https://data.cms.gov/data.json,2026-09-24T13:34:02.939459+00:00,HIGH,content_major,100.0,20.1,6,6,0.000,,,"--- before (2026-09-23)
+++ after (2026-09-24)
@@ -0,0 +1 @@
+{""@context"":""https:\/\/project-open-data.cio.gov\/v1.1\/schema\/catalog.jsonld"",""@id"":""https:\/\/data.cms.gov\/data.json"",""@type"":""dcat:Catalog"",""conformsTo"":""https:\/\/project-open-data.cio.gov\/v1.1\/schema"",""describedBy"":""https:\/\/project-open-data.cio.gov\/v1.1\/schema\/catalog.json"",""dataset"":[{""@type"":""dcat:Dataset"",""accessLevel"":""public"",""accessRights"":""Open"",""accrualPeriodicity"":""R\/P1Y"",""bureauCode"":[""009:38""],""contactPoint""",Major content change: 100.0% text altered
172,cms-medicaid-ltss-data,CMS Medicare-Medicaid Dual Eligible Beneficiaries Summary,CMS,https://data.cms.gov/summary-statistics-on-beneficiaries/medicare-medicaid-dual-eligibility/medicare-medicaid-dual-eligible-beneficiaries-summary,2026-09-24T13:34:02.941773+00:00,HIGH,content_major,100.0,0.0,,,0.000,,,"--- before (2026-09-23)
+++ after (2026-09-24)
@@ -0,0 +1 @@
+Centers for Medicare & Medicaid Services Data",Major content change: 100.0% text altered
173,ssa-press-releases,SSA Press Releases RSS Feed,SSA,https://www.ssa.gov/rss/mr.xml,2026-09-25T13:36:10.293908+00:00,HIGH,content_major,100.0,0.0,,,0.000,,,"--- before (2026-09-24)
+++ after (2026-09-25)
@@ -0,0 +1 @@
+Access Denied Access Denied You don't have permission to access ""http://www.ssa.gov/rss/mr.xml"" on this server. Reference #18.194e4317.1790343354.753b107b https://errors.edgesuite.net/18.194e4317.1790343354.753b107b",Major content change: 100.0% text altered
174,ssa-public-use-data-index,SSA Public-Use Data Files (DKAN Catalog),SSA,https://www.ssa.gov/data/api/1/metastore/schemas/dataset/items?show-reference-ids,2026-09-25T13:36:10.294591+00:00,HIGH,content_major,100.0,0.0,,,0.000,,,"--- before (2026-09-24)
+++ after (2026-09-25)
@@ -0,0 +1,10 @@
+<HTML><HEAD>

+<TITLE>Access Denied</TITLE>

+</HEAD><BODY>

+<H1>Access Denied</H1>

+ 

+You don't have permission to access ""http&#58;&#47;&#47;www&#46;ssa&#46;gov&#47;data&#47;api&#47;1&#47;metastore&#47;schemas&#47;dataset&#47;items&#63;"" on this server.<P>

+Reference&#32;&#35;18&#46;194e4317&#46;1790343354&#46;753b1074

+<P>https&#58;&#47;&#47;errors&#46;edgesuite&#46;net&#47;18&#46;194e4317&#46;1790343354&#46;753b1074</P>

",Major content change: 100.0% text altered
175,ssa-bepuf-2020,SSA Benefits & Earnings Public-Use File 2020 (DKAN),SSA,https://www.ssa.gov/data/api/1/dataset/bepuf-2020,2026-09-25T13:36:10.295357+00:00,HIGH,content_major,100.0,0.5,,,0.000,,,"--- before (2026-09-24)
+++ after (2026-09-25)
@@ -0,0 +1,10 @@
+<HTML><HEAD>

+<TITLE>Access Denied</TITLE>

+</HEAD><BODY>

+<H1>Access Denied</H1>

+ 

+You don't have permission to access ""http&#58;&#47;&#47;www&#46;ssa&#46;gov&#47;data&#47;api&#47;1&#47;dataset&#47;bepuf&#45;2020"" on this server.<P>

+Reference&#32;&#35;18&#46;194e4317&#46;1790343354&#46;753b107c

+<P>https&#58;&#47;&#47;errors&#46;edgesuite&#46;net&#47;18&#46;194e4317&#46;1790343354&#46;753b107c</P>

+</BODY>

+</HTML>
",Major content change: 100.0% text altered
176,ssa-epuf,SSA Earnings Public-Use File (DKAN),SSA,https://www.ssa.gov/data/api/1/dataset/epuf,2026-09-25T13:36:10.295940+00:00,HIGH,content_major,100.0,0.0,,,0.000,,,"--- before (2026-09-24)
+++ after (2026-09-25)
@@ -0,0 +1,10 @@
+<HTML><HEAD>

+<TITLE>Access Denied</TITLE>

+</HEAD><BODY>

+<H1>Access Denied</H1>

+ 

+You don't have permission to access ""http&#58;&#47;&#47;www&#46;ssa&#46;gov&#47;data&#47;api&#47;1&#47;dataset&#47;epuf"" on this server.<P>

+Reference&#32;&#35;18&#46;194e4317&#46;1790343354&#46;753b107d

+<P>https&#58;&#47;&#47;errors&#46;edgesuite&#46;net&#47;18&#46;194e4317&#46;1790343354&#46;753b107d</P>

+</BODY>

+</HTML>
",Major content change: 100.0% text altered
177,ssa-ssi-microdata,SSA SSI Public-Use Microdata File (DKAN),SSA,https://www.ssa.gov/data/api/1/dataset/ssr,2026-09-25T13:36:10.296526+00:00,HIGH,content_major,100.0,0.0,,,0.000,,,"--- before (2026-09-24)
+++ after (2026-09-25)
@@ -0,0 +1,10 @@
+<HTML><HEAD>

+<TITLE>Access Denied</TITLE>

+</HEAD><BODY>

+<H1>Access Denied</H1>

+ 

+You don't have permission to access ""http&#58;&#47;&#47;www&#46;ssa&#46;gov&#47;data&#47;api&#47;1&#47;dataset&#47;ssr"" on this server.<P>

+Reference&#32;&#35;18&#46;194e4317&#46;1790343354&#46;753b1073

+<P>https&#58;&#47;&#47;errors&#46;edgesuite&#46;net&#47;18&#46;194e4317&#46;1790343354&#46;753b1073</P>

+</BODY>

+</HTML>
",Major content change: 100.0% text altered
178,ssa-disability-insurance-stats,SSA SSDI Annual Statistical Report (DKAN),SSA,https://www.ssa.gov/data/api/1/dataset/di_asr,2026-09-25T13:36:10.297124+00:00,HIGH,content_major,100.0,0.0,,,0.000,,,"--- before (2026-09-24)
+++ after (2026-09-25)
@@ -0,0 +1,10 @@
+<HTML><HEAD>

+<TITLE>Access Denied</TITLE>

+</HEAD><BODY>

+<H1>Access Denied</H1>

+ 

+You don't have permission to access ""http&#58;&#47;&#47;www&#46;ssa&#46;gov&#47;data&#47;api&#47;1&#47;dataset&#47;di&#95;asr"" on this server.<P>

+Reference&#32;&#35;18&#46;194e4317&#46;1790343354&#46;753b109c

+<P>https&#58;&#47;&#47;errors&#46;edgesuite&#46;net&#47;18&#46;194e4317&#46;1790343354&#46;753b109c</P>

+</BODY>

+</HTML>
",Major content change: 100.0% text altered
179,ssa-ssi-annual-stats,SSA SSI Annual Statistical Report (DKAN),SSA,https://www.ssa.gov/data/api/1/dataset/ssi_asr,2026-09-25T13:36:10.297530+00:00,HIGH,content_major,100.0,0.5,,,0.000,,,"--- before (2026-09-24)
+++ after (2026-09-25)
@@ -0,0 +1,10 @@
+<HTML><HEAD>

+<TITLE>Access Denied</TITLE>

+</HEAD><BODY>

+<H1>Access Denied</H1>

+ 

+You don't have permission to access ""http&#58;&#47;&#47;www&#46;ssa&#46;gov&#47;data&#47;api&#47;1&#47;dataset&#47;ssi&#95;asr"" on this server.<P>

+Reference&#32;&#35;18&#46;194e4317&#46;1790343354&#46;753b10b5

+<P>https&#58;&#47;&#47;errors&#46;edgesuite&#46;net&#47;18&#46;194e4317&#46;1790343354&#46;753b10b5</P>

+</BODY>

+</HTML>
",Major content change: 100.0% text altered
180,ssa-open-data-catalog,SSA Open Data Catalog (DKAN API),SSA,https://www.ssa.gov/data/api/1/metastore/schemas/dataset/items?show-reference-ids,2026-09-25T13:36:10.298075+00:00,HIGH,content_major,100.0,0.5,,,0.000,,,"--- before (2026-09-24)
+++ after (2026-09-25)
@@ -0,0 +1,10 @@
+<HTML><HEAD>

+<TITLE>Access Denied</TITLE>

+</HEAD><BODY>

+<H1>Access Denied</H1>

+ 

+You don't have permission to access ""http&#58;&#47;&#47;www&#46;ssa&#46;gov&#47;data&#47;api&#47;1&#47;metastore&#47;schemas&#47;dataset&#47;items&#63;"" on this server.<P>

+Reference&#32;&#35;18&#46;2c4e4317&#46;1790343354&#46;2782bb81

+<P>https&#58;&#47;&#47;errors&#46;edgesuite&#46;net&#47;18&#46;2c4e4317&#46;1790343354&#46;2782bb81</P>

",Major content change: 100.0% text altered
181,ssa-disability-benefits,SSA Sitemap (proxy for page availability),SSA,https://www.ssa.gov/sitemap.xml,2026-09-25T13:37:10.305362+00:00,HIGH,http_error,100.0,0.5,,,0.000,,,"--- before (2026-09-24)
+++ after (2026-09-25)
@@ -0,0 +1 @@
+Access Denied Access Denied You don't have permission to access ""http://www.ssa.gov/sitemap.xml"" on this server. Reference #18.2c4e4317.1790343354.2782bb97 https://errors.edgesuite.net/18.2c4e4317.1790343354.2782bb97",HTTP status changed: 200 → 403
182,ssa-bluebook-listings,SSA Blue Book Listing of Impairments,SSA,https://www.ssa.gov/disability/professionals/bluebook/listing-impairments.htm,2026-09-25T13:37:15.316695+00:00,HIGH,content_major,100.0,0.5,,,0.000,,,"--- before (2026-09-24)
+++ after (2026-09-25)
@@ -0,0 +1 @@
+Access Denied Access Denied You don't have permission to access ""http://www.ssa.gov/disability/professionals/bluebook/listing-impairments.htm"" on this server. Reference #18.194e4317.1790343354.753b10a2 https://errors.edgesuite.net/18.194e4317.1790343354.753b10a2",Major content change: 100.0% text altered
183,cdc-brfss-annual-data,CDC BRFSS Annual Survey Data Files,CDC,https://www.cdc.gov/brfss/annual_data/annual_data.htm,2026-09-25T13:37:15.317559+00:00,HIGH,content_major,100.0,0.0,161,161,0.000,,,"--- before (2026-09-24)
+++ after (2026-09-25)
@@ -0,0 +1 @@
+CDC - BRFSS Annual Survey Data Skip directly to site content Skip directly to search Español | Other Languages An official website of the United States government Here's how you know Official websites use .gov A .gov website belongs to an official government organization in the United States. Secure .gov websites use HTTPS A lock ( ) or https:// means you've safely connected to the .gov website. Share sensitive information only on off",Major content change: 100.0% text altered
184,cdc-soda-disability-catalog,CDC Open Data — Disability Dataset Catalog (SODA API),CDC,https://data.cdc.gov/api/views/metadata/v1?limit=100&searchContext=disability,2026-09-25T13:37:15.319249+00:00,HIGH,content_major,100.0,0.0,100,100,0.000,,,"--- before (2026-09-24)
+++ after (2026-09-25)
@@ -0,0 +1,1784 @@
+[ {

+  ""id"" : ""7xz4-qgju"",

+  ""name"" : ""Historical Averages of Pollen Season Timing and Concentrations for Select United States Cities, 2003-2024"",

+  ""attribution"" : ""National Allergy Bureau (NAB) and CDC/NCEH/DEHSP"",

+  ""attributionLink"" : ""https://pollen.aaaai.org/"",

+  ""category"" : ""National Center for Environmental Health"",

+  ""createdAt"" : ""2026-09-15T20:05:49+0000"",

+  ""dataUpdatedAt"" : ""2026-09-18T15:34:47+0000"",

",Major content change: 100.0% text altered
185,census-disability-tables,Census Bureau Disability Data Tables,Census,https://www.census.gov/topics/health/disability/data/tables.html,2026-09-25T13:37:15.322134+00:00,HIGH,content_major,100.0,0.0,,,0.000,,,"--- before (2026-09-24)
+++ after (2026-09-25)
@@ -0,0 +1 @@
+Disability Data Tables Disability Data Tables Skip Navigation Within Data Disability Data Tables Tables containing disability estimates from the American Community Survey (ACS) are available on data.census.gov . Many Tables available on www.census.gov are downloadable in XLS, CSV, and PDF file formats. Tables available in data.census.gov can be bookmarked/saved, printed and downloaded. The sources of the data published on census.gov a",Major content change: 100.0% text altered
186,census-disability-topic,Census Bureau Disability Topic Page,Census,https://www.census.gov/topics/health/disability.html,2026-09-25T13:37:15.322716+00:00,HIGH,content_major,100.0,3.8,,,0.000,,,"--- before (2026-09-24)
+++ after (2026-09-25)
@@ -0,0 +1 @@
+Disability Disability Skip Navigation Within Disability Disability The Census Bureau collects data on disability primarily through the American Community Survey (ACS) and the Survey of Income and Program Participation (SIPP). Featured Guidance for Disability Data Users Learn about subjects covered by the data and which data tool to use. Find out about handbooks, data users groups, and related topics. Disability Library Online collecti",Major content change: 100.0% text altered
187,census-sipp-disability,Census SIPP Datasets,Census,https://www.census.gov/programs-surveys/sipp/data/datasets.html,2026-09-25T13:37:15.323479+00:00,HIGH,content_major,100.0,0.0,64,64,0.000,,,"--- before (2026-09-24)
+++ after (2026-09-25)
@@ -0,0 +1 @@
+Survey of Income and Program Participation Datasets Survey of Income and Program Participation Datasets Skip Navigation Within Data Survey of Income and Program Participation Datasets Access SIPP data by year (2018-2025) or panel/wave (1984-2014) in the tabbed lists below. For SIPP data related questions, please visit the Contact Us page. 2025 2024 2023 2022 2021 More 2020 2019 2018 2014 2008 2004 2001 1996 1993 1992 1991 1990 1989 19",Major content change: 100.0% text altered
188,nichd-disability-research,NICHD Disability Research (tombstone — 404 as of 2026-03),NIH,https://www.nichd.nih.gov/research/supported/disability,2026-09-25T13:37:15.324058+00:00,CRITICAL,http_error,0.0,0.0,,,0.000,,,"--- before (2026-09-24)
+++ after (2026-09-25)
@@ -0,0 +1 @@
+Page Not Found | NICHD - Eunice Kennedy Shriver National Institute of Child Health and Human Development Skip to main content NIH Websites Are Changing NIH is moving the launch of its new website to the fall to ensure the best possible experience for everyone who relies on our websites for health information, research, funding opportunities, and other resources. Get the Latest Updates and FAQs Breadcrumb Share Instagram Print Page Not",HTTP 404 — page removed or inaccessible
189,nichd-research-programs,NICHD Research Programs,NIH,https://www.nichd.nih.gov/research/supported,2026-09-25T13:37:15.682906+00:00,CRITICAL,http_error,0.0,0.0,822,822,0.000,,,"--- before (2026-09-24)
+++ after (2026-09-25)
@@ -0,0 +1 @@
+Page Not Found | NICHD - Eunice Kennedy Shriver National Institute of Child Health and Human Development Skip to main content NIH Websites Are Changing NIH is moving the launch of its new website to the fall to ensure the best possible experience for everyone who relies on our websites for health information, research, funding opportunities, and other resources. Get the Latest Updates and FAQs Breadcrumb Share Instagram Print Page Not",HTTP 404 — page removed or inaccessible
190,nih-nidcd-data,NIH NIDCD Hearing/Disability Quick Statistics,NIH,https://www.nidcd.nih.gov/health/statistics/quick-statistics-hearing,2026-09-25T13:37:21.895700+00:00,HIGH,content_major,100.0,0.0,,,0.000,,,"--- before (2026-09-24)
+++ after (2026-09-25)
@@ -0,0 +1 @@
+Quick Statistics About Hearing, Balance, & Dizziness | NIDCD Skip to main content Official websites use .gov A .gov website belongs to an official government organization in the United States. Secure .gov websites use HTTPS A lock ( ) or https:// means you've safely connected to the .gov website. Share sensitive information only on official, secure websites. NIH Websites Are Changing NIH is moving the launch of its new website to the ",Major content change: 100.0% text altered
191,nci-data-portal,National Core Indicators Data Files,ACL,https://www.nationalcoreindicators.org/resources/data/,2026-09-25T13:37:21.896681+00:00,CRITICAL,external_redirect,0.0,0.0,84,84,0.000,,,"--- before (2026-09-24)
+++ after (2026-09-25)
@@ -0,0 +1 @@
+Resources | National Core Indicators National Core Indicators State Login Login » Username Password Forgot Password Old Homepage About Overview Indicators Mission History Staff NCI States Alabama Alaska Arizona Arkansas California Colorado Connecticut Delaware Florida Georgia Hawaii Idaho Illinois Indiana Kansas Kentucky Louisiana Maine Maryland Massachusetts Michigan Minnesota Mississippi Missouri Montana Nebraska Nevada New Hampshir",Redirected to non-.gov: https://legacy.nationalcoreindicators.org/resources/data
192,acl-home,ACL Homepage,ACL,https://acl.gov/,2026-09-25T13:37:28.112620+00:00,HIGH,content_major,100.0,0.0,,,0.000,,,"--- before (2026-09-24)
+++ after (2026-09-25)
@@ -0,0 +1 @@
+Home Page | ACL Administration for Community Living Skip to main content Official websites use .gov A .gov website belongs to an official government organization in the United States. Secure .gov websites use HTTPS A lock ( ) or https:// means you’ve safely connected to the .gov website. Share sensitive information only on official, secure websites. Find Help Announcements A - Z Browse Search MENU Menu × Advancing Community Living for",Major content change: 100.0% text altered
193,dol-odep-statistics,DOL ODEP Disability Statistics,DOL,https://www.dol.gov/agencies/odep/research-evaluation/statistics,2026-09-25T13:37:28.113303+00:00,HIGH,content_major,100.0,1.2,,,0.000,,,"--- before (2026-09-24)
+++ after (2026-09-25)
@@ -0,0 +1 @@
+Disability Employment Statistics | U.S. Department of Labor Skip to main content",Major content change: 100.0% text altered
194,bls-disability-release-toc,BLS Disability Employment News Release (TOC),BLS,https://www.bls.gov/news.release/disabl.toc.htm,2026-09-25T13:38:28.127556+00:00,HIGH,http_error,100.0,0.1,,,0.000,,,"--- before (2026-09-24)
+++ after (2026-09-25)
@@ -0,0 +1 @@
+Access Denied Bureau of Labor Statistics Access Denied The BLS is committed to providing data promptly and according to established schedules. Automated retrieval programs (commonly called ""robots"" or ""bots"") can cause delays and interfere with other customers' timely access to information. Therefore, bot activity that doesn't conform to BLS usage policy is prohibited. We apologize for any inconvenience. If you believe we have made an",HTTP status changed: 200 → 403
195,bls-disability-data-tables,BLS Disability Employment Data Tables,BLS,https://www.bls.gov/news.release/disabl.nr0.htm,2026-09-25T13:39:28.135745+00:00,HIGH,content_major,100.0,0.1,,,0.000,,,"--- before (2026-09-24)
+++ after (2026-09-25)
@@ -0,0 +1 @@
+Access Denied Bureau of Labor Statistics Access Denied The BLS is committed to providing data promptly and according to established schedules. Automated retrieval programs (commonly called ""robots"" or ""bots"") can cause delays and interfere with other customers' timely access to information. Therefore, bot activity that doesn't conform to BLS usage policy is prohibited. We apologize for any inconvenience. If you believe we have made an",Major content change: 100.0% text altered
196,bls-disability-flat-files,BLS Employment Level — With Disability (CPS Series LNU02074593),BLS,https://api.bls.gov/publicAPI/v2/timeseries/data/LNU02074593?startyear=2023&endyear=2025,2026-09-25T13:39:28.136430+00:00,HIGH,content_major,100.0,0.0,4,4,0.000,,,"--- before (2026-09-24)
+++ after (2026-09-25)
@@ -0,0 +1,4 @@
+{""status"":""REQUEST_SUCCEEDED"",""responseTime"":64,""message"":[],""Results"":{

+""series"":

+[{""seriesID"":""LNU02074593"",""data"":[{""year"":""2025"",""period"":""M12"",""periodName"":""December"",""value"":""155260"",""footnotes"":[{}]},{""year"":""2025"",""period"":""M11"",""periodName"":""November"",""value"":""155143"",""footnotes"":[{}]},{""year"":""2025"",""period"":""M10"",""periodName"":""October"",""value"":""-"",""footnotes"":[{""code"":""9"",""text"":""Data unavailable due to the 2025 lapse",Major content change: 100.0% text altered
197,askjan-home,Job Accommodation Network Homepage,JAN,https://askjan.org/,2026-09-25T13:39:28.137084+00:00,HIGH,content_major,100.0,0.1,,,0.000,,,"--- before (2026-09-24)
+++ after (2026-09-25)
@@ -0,0 +1 @@
+JAN - Job Accommodation Network Skip to main navigation Skip to search Skip to content Open Search Close Search Search the site: Click to Search Contact Open Close Employers Individuals Toolkit A to Z Situations & Solutions Finder MyJAN Publications Training About JAN Search the site: Search Information By Role Toolkit A to Z of Disabilities & Accommodations ADA Library Situations & Solutions Finder MyJAN Publications Training About J",Major content change: 100.0% text altered
198,askjan-a-to-z,JAN A-to-Z Disability Index,JAN,https://askjan.org/a-to-z.cfm,2026-09-25T13:39:28.137870+00:00,HIGH,content_major,100.0,0.0,,,0.000,,,"--- before (2026-09-24)
+++ after (2026-09-25)
@@ -0,0 +1 @@
+A to Z of Disabilities and Accommodations Close Menu Close A to Z of Disabilities and Accommodations home If you are looking for information on job accommodations, the Americans with Disabilities Act or Rehabilitation Act, or topics related to disability employment, see the listings below for various topics covered by JAN. JAN provides the following A to Z listings by disability, topic, and limitation. This information is designed to ",Major content change: 100.0% text altered
199,ofccp-section503,OFCCP Section 503 Disability Page,DOL,https://www.dol.gov/agencies/ofccp/disability,2026-09-25T13:39:28.138573+00:00,CRITICAL,http_error,0.0,0.0,,,0.000,,,"--- before (2026-09-24)
+++ after (2026-09-25)
@@ -0,0 +1 @@
+Page Not Found | U.S. Department of Labor Skip to main content",HTTP 404 — page removed or inaccessible
200,ed-idea-data,IDEA Data Center,ED,https://sites.ed.gov/idea/data/,2026-09-25T13:40:28.201330+00:00,HIGH,content_major,100.0,0.7,,,0.000,,,"--- before (2026-09-24)
+++ after (2026-09-25)
@@ -0,0 +1 @@
+Azure WAF",Major content change: 100.0% text altered
201,ed-special-ed-childcount,IDEA Child Count and Educational Environments,ED,https://sites.ed.gov/idea/data/child-count-and-educational-environments/,2026-09-25T13:40:28.202086+00:00,HIGH,content_major,100.0,0.7,,,0.000,,,"--- before (2026-09-24)
+++ after (2026-09-25)
@@ -0,0 +1 @@
+Azure WAF",Major content change: 100.0% text altered
202,ed-disability-page,ED Office of Special Education Programs,ED,https://www.ed.gov/about/offices/list/osers/osep/index.html,2026-09-25T13:40:28.202626+00:00,HIGH,content_major,100.0,0.1,,,0.000,,,"--- before (2026-09-24)
+++ after (2026-09-25)
@@ -0,0 +1 @@
+Azure WAF",Major content change: 100.0% text altered
203,hhs-disability-page,HHS Disability Topic Page,HHS,https://www.hhs.gov/programs/topic-sites/disability/index.html,2026-09-25T13:41:28.248919+00:00,HIGH,content_major,100.0,0.5,,,0.000,,,"--- before (2026-09-24)
+++ after (2026-09-25)
@@ -0,0 +1 @@
+Access Denied Access Denied You don't have permission to access ""http://www.hhs.gov/programs/topic-sites/disability/index.html"" on this server. Reference #18.64c90b17.1790343359.967155de https://errors.edgesuite.net/18.64c90b17.1790343359.967155de",Major content change: 100.0% text altered
204,hhs-section504,HHS Section 504 Civil Rights (Disability),HHS,https://www.hhs.gov/civil-rights/for-individuals/disability/index.html,2026-09-25T13:42:28.378933+00:00,HIGH,content_major,100.0,0.5,,,0.000,,,"--- before (2026-09-24)
+++ after (2026-09-25)
@@ -0,0 +1 @@
+Access Denied Access Denied You don't have permission to access ""http://www.hhs.gov/civil-rights/for-individuals/disability/index.html"" on this server. Reference #18.64c90b17.1790343359.9671561c https://errors.edgesuite.net/18.64c90b17.1790343359.9671561c",Major content change: 100.0% text altered
205,hhs-open-data-catalog,HHS Open Data Catalog (data.json),HHS,https://www.hhs.gov/data.json,2026-09-25T13:42:28.379483+00:00,HIGH,content_major,100.0,0.5,,,0.000,,,"--- before (2026-09-24)
+++ after (2026-09-25)
@@ -0,0 +1,10 @@
+<HTML><HEAD>

+<TITLE>Access Denied</TITLE>

+</HEAD><BODY>

+<H1>Access Denied</H1>

+ 

+You don't have permission to access ""http&#58;&#47;&#47;www&#46;hhs&#46;gov&#47;data&#46;json"" on this server.<P>

+Reference&#32;&#35;18&#46;64c90b17&#46;1790343359&#46;9671565a

+<P>https&#58;&#47;&#47;errors&#46;edgesuite&#46;net&#47;18&#46;64c90b17&#46;1790343359&#46;9671565a</P>

+</BODY>

+</HTML>
",Major content change: 100.0% text altered
206,eeoc-disability-discrimination,EEOC Disability Discrimination,EEOC,https://www.eeoc.gov/disability-discrimination,2026-09-25T13:42:28.380138+00:00,HIGH,gov_redirect,100.0,0.0,,,0.000,,,"--- before (2026-09-24)
+++ after (2026-09-25)
@@ -0,0 +1 @@
+EEOC Disability-Related Resources | U.S. Equal Employment Opportunity Commission Skip to main content Official websites use .gov A .gov website belongs to an official government organization in the United States. Secure .gov websites use HTTPS A lock ( ) or https:// means you’ve safely connected to the .gov website. Share sensitive information only on official, secure websites.",Page now redirects within .gov: https://www.eeoc.gov/eeoc-disability-related-resources
207,eeoc-ada-guidance,EEOC ADA Enforcement Guidance,EEOC,https://www.eeoc.gov/laws/guidance/questions-and-answers-clarifications-and-guidance-enforcement-equal-employment,2026-09-25T13:42:28.380702+00:00,CRITICAL,http_error,0.0,0.0,,,0.000,,,"--- before (2026-09-24)
+++ after (2026-09-25)
@@ -0,0 +1 @@
+Page not found | U.S. Equal Employment Opportunity Commission Skip to main content Official websites use .gov A .gov website belongs to an official government organization in the United States. Secure .gov websites use HTTPS A lock ( ) or https:// means you’ve safely connected to the .gov website. Share sensitive information only on official, secure websites.",HTTP 404 — page removed or inaccessible
208,cms-dkan-disability-catalog,CMS Open Data Catalog (data.json),CMS,https://data.cms.gov/data.json,2026-09-25T13:42:28.669554+00:00,HIGH,content_major,100.0,0.0,6,6,0.000,,,"--- before (2026-09-24)
+++ after (2026-09-25)
@@ -0,0 +1 @@
+{""@context"":""https:\/\/project-open-data.cio.gov\/v1.1\/schema\/catalog.jsonld"",""@id"":""https:\/\/data.cms.gov\/data.json"",""@type"":""dcat:Catalog"",""conformsTo"":""https:\/\/project-open-data.cio.gov\/v1.1\/schema"",""describedBy"":""https:\/\/project-open-data.cio.gov\/v1.1\/schema\/catalog.json"",""dataset"":[{""@type"":""dcat:Dataset"",""accessLevel"":""public"",""accessRights"":""Open"",""accrualPeriodicity"":""R\/P1Y"",""bureauCode"":[""009:38""],""contactPoint""",Major content change: 100.0% text altered
209,ssa-press-releases,SSA Press Releases RSS Feed,SSA,https://www.ssa.gov/rss/mr.xml,2026-09-26T12:58:47.654315+00:00,HIGH,content_major,100.0,0.5,,,0.000,,,"--- before (2026-09-25)
+++ after (2026-09-26)
@@ -0,0 +1 @@
+Access Denied Access Denied You don't have permission to access ""http://www.ssa.gov/rss/mr.xml"" on this server. Reference #18.65cfdb17.1790427476.b9112d6 https://errors.edgesuite.net/18.65cfdb17.1790427476.b9112d6",Major content change: 100.0% text altered
210,ssa-public-use-data-index,SSA Public-Use Data Files (DKAN Catalog),SSA,https://www.ssa.gov/data/api/1/metastore/schemas/dataset/items?show-reference-ids,2026-09-26T12:58:47.655001+00:00,HIGH,content_major,100.0,0.0,,,0.000,,,"--- before (2026-09-25)
+++ after (2026-09-26)
@@ -0,0 +1,10 @@
+<HTML><HEAD>

+<TITLE>Access Denied</TITLE>

+</HEAD><BODY>

+<H1>Access Denied</H1>

+ 

+You don't have permission to access ""http&#58;&#47;&#47;www&#46;ssa&#46;gov&#47;data&#47;api&#47;1&#47;metastore&#47;schemas&#47;dataset&#47;items&#63;"" on this server.<P>

+Reference&#32;&#35;18&#46;67cfdb17&#46;1790427476&#46;531e26ff

+<P>https&#58;&#47;&#47;errors&#46;edgesuite&#46;net&#47;18&#46;67cfdb17&#46;1790427476&#46;531e26ff</P>

",Major content change: 100.0% text altered
211,ssa-bepuf-2020,SSA Benefits & Earnings Public-Use File 2020 (DKAN),SSA,https://www.ssa.gov/data/api/1/dataset/bepuf-2020,2026-09-26T12:58:47.655490+00:00,HIGH,content_major,100.0,0.5,,,0.000,,,"--- before (2026-09-25)
+++ after (2026-09-26)
@@ -0,0 +1,10 @@
+<HTML><HEAD>

+<TITLE>Access Denied</TITLE>

+</HEAD><BODY>

+<H1>Access Denied</H1>

+ 

+You don't have permission to access ""http&#58;&#47;&#47;www&#46;ssa&#46;gov&#47;data&#47;api&#47;1&#47;dataset&#47;bepuf&#45;2020"" on this server.<P>

+Reference&#32;&#35;18&#46;65cfdb17&#46;1790427476&#46;b9112de

+<P>https&#58;&#47;&#47;errors&#46;edgesuite&#46;net&#47;18&#46;65cfdb17&#46;1790427476&#46;b9112de</P>

+</BODY>

+</HTML>
",Major content change: 100.0% text altered
212,ssa-epuf,SSA Earnings Public-Use File (DKAN),SSA,https://www.ssa.gov/data/api/1/dataset/epuf,2026-09-26T12:58:47.655988+00:00,HIGH,content_major,100.0,0.5,,,0.000,,,"--- before (2026-09-25)
+++ after (2026-09-26)
@@ -0,0 +1,10 @@
+<HTML><HEAD>

+<TITLE>Access Denied</TITLE>

+</HEAD><BODY>

+<H1>Access Denied</H1>

+ 

+You don't have permission to access ""http&#58;&#47;&#47;www&#46;ssa&#46;gov&#47;data&#47;api&#47;1&#47;dataset&#47;epuf"" on this server.<P>

+Reference&#32;&#35;18&#46;65cfdb17&#46;1790427476&#46;b9112b8

+<P>https&#58;&#47;&#47;errors&#46;edgesuite&#46;net&#47;18&#46;65cfdb17&#46;1790427476&#46;b9112b8</P>

+</BODY>

+</HTML>
",Major content change: 100.0% text altered
213,ssa-ssi-microdata,SSA SSI Public-Use Microdata File (DKAN),SSA,https://www.ssa.gov/data/api/1/dataset/ssr,2026-09-26T12:58:47.656525+00:00,HIGH,content_major,100.0,0.0,,,0.000,,,"--- before (2026-09-25)
+++ after (2026-09-26)
@@ -0,0 +1,10 @@
+<HTML><HEAD>

+<TITLE>Access Denied</TITLE>

+</HEAD><BODY>

+<H1>Access Denied</H1>

+ 

+You don't have permission to access ""http&#58;&#47;&#47;www&#46;ssa&#46;gov&#47;data&#47;api&#47;1&#47;dataset&#47;ssr"" on this server.<P>

+Reference&#32;&#35;18&#46;67cfdb17&#46;1790427476&#46;531e26fd

+<P>https&#58;&#47;&#47;errors&#46;edgesuite&#46;net&#47;18&#46;67cfdb17&#46;1790427476&#46;531e26fd</P>

+</BODY>

+</HTML>
",Major content change: 100.0% text altered
214,ssa-disability-insurance-stats,SSA SSDI Annual Statistical Report (DKAN),SSA,https://www.ssa.gov/data/api/1/dataset/di_asr,2026-09-26T12:58:47.657009+00:00,HIGH,content_major,100.0,0.0,,,0.000,,,"--- before (2026-09-25)
+++ after (2026-09-26)
@@ -0,0 +1,10 @@
+<HTML><HEAD>

+<TITLE>Access Denied</TITLE>

+</HEAD><BODY>

+<H1>Access Denied</H1>

+ 

+You don't have permission to access ""http&#58;&#47;&#47;www&#46;ssa&#46;gov&#47;data&#47;api&#47;1&#47;dataset&#47;di&#95;asr"" on this server.<P>

+Reference&#32;&#35;18&#46;67cfdb17&#46;1790427476&#46;531e2715

+<P>https&#58;&#47;&#47;errors&#46;edgesuite&#46;net&#47;18&#46;67cfdb17&#46;1790427476&#46;531e2715</P>

+</BODY>

+</HTML>
",Major content change: 100.0% text altered
215,ssa-ssi-annual-stats,SSA SSI Annual Statistical Report (DKAN),SSA,https://www.ssa.gov/data/api/1/dataset/ssi_asr,2026-09-26T12:58:47.657497+00:00,HIGH,content_major,100.0,0.5,,,0.000,,,"--- before (2026-09-25)
+++ after (2026-09-26)
@@ -0,0 +1,10 @@
+<HTML><HEAD>

+<TITLE>Access Denied</TITLE>

+</HEAD><BODY>

+<H1>Access Denied</H1>

+ 

+You don't have permission to access ""http&#58;&#47;&#47;www&#46;ssa&#46;gov&#47;data&#47;api&#47;1&#47;dataset&#47;ssi&#95;asr"" on this server.<P>

+Reference&#32;&#35;18&#46;65cfdb17&#46;1790427476&#46;b9112f7

+<P>https&#58;&#47;&#47;errors&#46;edgesuite&#46;net&#47;18&#46;65cfdb17&#46;1790427476&#46;b9112f7</P>

+</BODY>

+</HTML>
",Major content change: 100.0% text altered
216,ssa-open-data-catalog,SSA Open Data Catalog (DKAN API),SSA,https://www.ssa.gov/data/api/1/metastore/schemas/dataset/items?show-reference-ids,2026-09-26T12:58:47.657997+00:00,HIGH,content_major,100.0,0.5,,,0.000,,,"--- before (2026-09-25)
+++ after (2026-09-26)
@@ -0,0 +1,10 @@
+<HTML><HEAD>

+<TITLE>Access Denied</TITLE>

+</HEAD><BODY>

+<H1>Access Denied</H1>

+ 

+You don't have permission to access ""http&#58;&#47;&#47;www&#46;ssa&#46;gov&#47;data&#47;api&#47;1&#47;metastore&#47;schemas&#47;dataset&#47;items&#63;"" on this server.<P>

+Reference&#32;&#35;18&#46;65cfdb17&#46;1790427476&#46;b9112f6

+<P>https&#58;&#47;&#47;errors&#46;edgesuite&#46;net&#47;18&#46;65cfdb17&#46;1790427476&#46;b9112f6</P>

+<",Major content change: 100.0% text altered
217,ssa-disability-benefits,SSA Sitemap (proxy for page availability),SSA,https://www.ssa.gov/sitemap.xml,2026-09-26T12:59:41.702716+00:00,HIGH,content_major,100.0,0.5,,,0.000,,,"--- before (2026-09-25)
+++ after (2026-09-26)
@@ -0,0 +1 @@
+[CDX proxy] digest= ts=20081018142859",Major content change: 100.0% text altered
218,ssa-bluebook-listings,SSA Blue Book Listing of Impairments,SSA,https://www.ssa.gov/disability/professionals/bluebook/listing-impairments.htm,2026-09-26T12:59:56.785828+00:00,HIGH,content_major,100.0,0.5,,,0.000,,,"--- before (2026-09-25)
+++ after (2026-09-26)
@@ -0,0 +1 @@
+[CDX proxy] digest= ts=20030608115407",Major content change: 100.0% text altered
219,cdc-soda-disability-catalog,CDC Open Data — Disability Dataset Catalog (SODA API),CDC,https://data.cdc.gov/api/views/metadata/v1?limit=100&searchContext=disability,2026-09-26T12:59:56.787807+00:00,HIGH,content_major,100.0,0.1,100,100,0.000,,,"--- before (2026-09-25)
+++ after (2026-09-26)
@@ -0,0 +1,1777 @@
+[ {

+  ""id"" : ""7xz4-qgju"",

+  ""name"" : ""Historical Averages of Pollen Season Timing and Concentrations for Select United States Cities, 2003-2024"",

+  ""attribution"" : ""National Allergy Bureau (NAB) and CDC/NCEH/DEHSP"",

+  ""attributionLink"" : ""https://pollen.aaaai.org/"",

+  ""category"" : ""National Center for Environmental Health"",

+  ""createdAt"" : ""2026-09-15T20:05:49+0000"",

+  ""dataUpdatedAt"" : ""2026-09-18T15:34:47+0000"",

",Major content change: 100.0% text altered
220,census-disability-tables,Census Bureau Disability Data Tables,Census,https://www.census.gov/topics/health/disability/data/tables.html,2026-09-26T12:59:56.791627+00:00,HIGH,content_major,100.0,0.0,,,0.000,,,"--- before (2026-09-25)
+++ after (2026-09-26)
@@ -0,0 +1 @@
+Disability Data Tables Disability Data Tables Skip Navigation Within Data Disability Data Tables Tables containing disability estimates from the American Community Survey (ACS) are available on data.census.gov . Many Tables available on www.census.gov are downloadable in XLS, CSV, and PDF file formats. Tables available in data.census.gov can be bookmarked/saved, printed and downloaded. The sources of the data published on census.gov a",Major content change: 100.0% text altered
221,census-disability-topic,Census Bureau Disability Topic Page,Census,https://www.census.gov/topics/health/disability.html,2026-09-26T12:59:56.792221+00:00,HIGH,content_major,100.0,0.0,,,0.000,,,"--- before (2026-09-25)
+++ after (2026-09-26)
@@ -0,0 +1 @@
+Disability Disability Skip Navigation Within Disability Disability The Census Bureau collects data on disability primarily through the American Community Survey (ACS) and the Survey of Income and Program Participation (SIPP). Featured Guidance for Disability Data Users Learn about subjects covered by the data and which data tool to use. Find out about handbooks, data users groups, and related topics. Disability Library Online collecti",Major content change: 100.0% text altered
222,census-sipp-disability,Census SIPP Datasets,Census,https://www.census.gov/programs-surveys/sipp/data/datasets.html,2026-09-26T12:59:56.792943+00:00,HIGH,content_major,100.0,0.0,64,64,0.000,,,"--- before (2026-09-25)
+++ after (2026-09-26)
@@ -0,0 +1 @@
+Survey of Income and Program Participation Datasets Survey of Income and Program Participation Datasets Skip Navigation Within Data Survey of Income and Program Participation Datasets Access SIPP data by year (2018-2025) or panel/wave (1984-2014) in the tabbed lists below. For SIPP data related questions, please visit the Contact Us page. 2025 2024 2023 2022 2021 More 2020 2019 2018 2014 2008 2004 2001 1996 1993 1992 1991 1990 1989 19",Major content change: 100.0% text altered
223,nichd-disability-research,NICHD Disability Research (tombstone — 404 as of 2026-03),NIH,https://www.nichd.nih.gov/research/supported/disability,2026-09-26T12:59:56.793469+00:00,CRITICAL,http_error,0.0,0.0,,,0.000,,,"--- before (2026-09-25)
+++ after (2026-09-26)
@@ -0,0 +1 @@
+Page Not Found | NICHD - Eunice Kennedy Shriver National Institute of Child Health and Human Development Skip to main content NIH Websites Are Changing NIH is moving the launch of its new website to the fall to ensure the best possible experience for everyone who relies on our websites for health information, research, funding opportunities, and other resources. Get the Latest Updates and FAQs Breadcrumb Share Instagram Print Page Not",HTTP 404 — page removed or inaccessible
224,nichd-research-programs,NICHD Research Programs,NIH,https://www.nichd.nih.gov/research/supported,2026-09-26T12:59:57.281386+00:00,CRITICAL,http_error,0.0,0.0,822,845,0.000,,,"--- before (2026-09-25)
+++ after (2026-09-26)
@@ -0,0 +1 @@
+Page Not Found | NICHD - Eunice Kennedy Shriver National Institute of Child Health and Human Development Skip to main content NIH Websites Are Changing NIH is moving the launch of its new website to the fall to ensure the best possible experience for everyone who relies on our websites for health information, research, funding opportunities, and other resources. Get the Latest Updates and FAQs Breadcrumb Share Instagram Print Page Not",HTTP 404 — page removed or inaccessible
225,nih-nidcd-data,NIH NIDCD Hearing/Disability Quick Statistics,NIH,https://www.nidcd.nih.gov/health/statistics/quick-statistics-hearing,2026-09-26T13:00:03.594066+00:00,HIGH,content_major,100.0,0.0,,,0.000,,,"--- before (2026-09-25)
+++ after (2026-09-26)
@@ -0,0 +1 @@
+Quick Statistics About Hearing, Balance, & Dizziness | NIDCD Skip to main content Official websites use .gov A .gov website belongs to an official government organization in the United States. Secure .gov websites use HTTPS A lock ( ) or https:// means you've safely connected to the .gov website. Share sensitive information only on official, secure websites. NIH Websites Are Changing NIH is moving the launch of its new website to the ",Major content change: 100.0% text altered
226,acl-data-research,ACL Aging and Disability Data and Research,ACL,https://acl.gov/aging-and-disability-in-america/data-and-research,2026-09-26T13:00:03.594895+00:00,HIGH,content_major,100.0,0.0,,,0.000,,,"--- before (2026-09-25)
+++ after (2026-09-26)
@@ -0,0 +1 @@
+Data and Research | ACL Administration for Community Living Skip to main content Official websites use .gov A .gov website belongs to an official government organization in the United States. Secure .gov websites use HTTPS A lock ( ) or https:// means you’ve safely connected to the .gov website. Share sensitive information only on official, secure websites. Find Help Announcements A - Z Browse Search MENU Menu × Home Data, Research & ",Major content change: 100.0% text altered
227,acl-programs,ACL Programs Directory,ACL,https://acl.gov/programs,2026-09-26T13:00:03.595474+00:00,HIGH,content_major,100.0,0.0,264,264,0.000,,,"--- before (2026-09-25)
+++ after (2026-09-26)
@@ -0,0 +1 @@
+Program and Policy Areas | ACL Administration for Community Living Skip to main content Official websites use .gov A .gov website belongs to an official government organization in the United States. Secure .gov websites use HTTPS A lock ( ) or https:// means you’ve safely connected to the .gov website. Share sensitive information only on official, secure websites. Find Help Announcements A - Z Browse Search MENU Menu × Home Program an",Major content change: 100.0% text altered
228,nci-data-portal,National Core Indicators Data Files,ACL,https://www.nationalcoreindicators.org/resources/data/,2026-09-26T13:00:03.596131+00:00,CRITICAL,external_redirect,0.0,0.0,84,84,0.000,,,"--- before (2026-09-25)
+++ after (2026-09-26)
@@ -0,0 +1 @@
+Resources | National Core Indicators National Core Indicators State Login Login » Username Password Forgot Password Old Homepage About Overview Indicators Mission History Staff NCI States Alabama Alaska Arizona Arkansas California Colorado Connecticut Delaware Florida Georgia Hawaii Idaho Illinois Indiana Kansas Kentucky Louisiana Maine Maryland Massachusetts Michigan Minnesota Mississippi Missouri Montana Nebraska Nevada New Hampshir",Redirected to non-.gov: https://legacy.nationalcoreindicators.org/resources/data
229,acl-home,ACL Homepage,ACL,https://acl.gov/,2026-09-26T13:00:09.917248+00:00,HIGH,content_major,100.0,0.0,,,0.000,,,"--- before (2026-09-25)
+++ after (2026-09-26)
@@ -0,0 +1 @@
+Home Page | ACL Administration for Community Living Skip to main content Official websites use .gov A .gov website belongs to an official government organization in the United States. Secure .gov websites use HTTPS A lock ( ) or https:// means you’ve safely connected to the .gov website. Share sensitive information only on official, secure websites. Find Help Announcements A - Z Browse Search MENU Menu × Advancing Community Living for",Major content change: 100.0% text altered
230,dol-odep-statistics,DOL ODEP Disability Statistics,DOL,https://www.dol.gov/agencies/odep/research-evaluation/statistics,2026-09-26T13:00:09.917932+00:00,HIGH,content_major,100.0,0.0,,,0.000,,,"--- before (2026-09-25)
+++ after (2026-09-26)
@@ -0,0 +1 @@
+Disability Employment Statistics | U.S. Department of Labor Skip to main content",Major content change: 100.0% text altered
231,bls-disability-release-toc,BLS Disability Employment News Release (TOC),BLS,https://www.bls.gov/news.release/disabl.toc.htm,2026-09-26T13:00:14.966415+00:00,HIGH,content_major,100.0,0.0,,,0.000,,,"--- before (2026-09-25)
+++ after (2026-09-26)
@@ -0,0 +1 @@
+Access Denied Bureau of Labor Statistics Access Denied The BLS is committed to providing data promptly and according to established schedules. Automated retrieval programs (commonly called ""robots"" or ""bots"") can cause delays and interfere with other customers' timely access to information. Therefore, bot activity that doesn't conform to BLS usage policy is prohibited. We apologize for any inconvenience. If you believe we have made an",Major content change: 100.0% text altered
232,bls-disability-data-tables,BLS Disability Employment Data Tables,BLS,https://www.bls.gov/news.release/disabl.nr0.htm,2026-09-26T13:00:19.990464+00:00,HIGH,content_major,100.0,0.0,,,0.000,,,"--- before (2026-09-25)
+++ after (2026-09-26)
@@ -0,0 +1 @@
+Access Denied Bureau of Labor Statistics Access Denied The BLS is committed to providing data promptly and according to established schedules. Automated retrieval programs (commonly called ""robots"" or ""bots"") can cause delays and interfere with other customers' timely access to information. Therefore, bot activity that doesn't conform to BLS usage policy is prohibited. We apologize for any inconvenience. If you believe we have made an",Major content change: 100.0% text altered
233,bls-disability-flat-files,BLS Employment Level — With Disability (CPS Series LNU02074593),BLS,https://api.bls.gov/publicAPI/v2/timeseries/data/LNU02074593?startyear=2023&endyear=2025,2026-09-26T13:00:19.991115+00:00,HIGH,content_major,100.0,0.0,4,4,0.000,,,"--- before (2026-09-25)
+++ after (2026-09-26)
@@ -0,0 +1,4 @@
+{""status"":""REQUEST_SUCCEEDED"",""responseTime"":85,""message"":[],""Results"":{

+""series"":

+[{""seriesID"":""LNU02074593"",""data"":[{""year"":""2025"",""period"":""M12"",""periodName"":""December"",""value"":""155260"",""footnotes"":[{}]},{""year"":""2025"",""period"":""M11"",""periodName"":""November"",""value"":""155143"",""footnotes"":[{}]},{""year"":""2025"",""period"":""M10"",""periodName"":""October"",""value"":""-"",""footnotes"":[{""code"":""9"",""text"":""Data unavailable due to the 2025 lapse",Major content change: 100.0% text altered
234,askjan-home,Job Accommodation Network Homepage,JAN,https://askjan.org/,2026-09-26T13:00:19.991731+00:00,HIGH,content_major,100.0,0.2,,,0.000,,,"--- before (2026-09-25)
+++ after (2026-09-26)
@@ -0,0 +1 @@
+JAN - Job Accommodation Network Skip to main navigation Skip to search Skip to content Open Search Close Search Search the site: Click to Search Contact Open Close Employers Individuals Toolkit A to Z Situations & Solutions Finder MyJAN Publications Training About JAN Search the site: Search Information By Role Toolkit A to Z of Disabilities & Accommodations ADA Library Situations & Solutions Finder MyJAN Publications Training About J",Major content change: 100.0% text altered
235,askjan-a-to-z,JAN A-to-Z Disability Index,JAN,https://askjan.org/a-to-z.cfm,2026-09-26T13:00:19.992449+00:00,HIGH,content_major,100.0,0.0,,,0.000,,,"--- before (2026-09-25)
+++ after (2026-09-26)
@@ -0,0 +1 @@
+A to Z of Disabilities and Accommodations Close Menu Close A to Z of Disabilities and Accommodations home If you are looking for information on job accommodations, the Americans with Disabilities Act or Rehabilitation Act, or topics related to disability employment, see the listings below for various topics covered by JAN. JAN provides the following A to Z listings by disability, topic, and limitation. This information is designed to ",Major content change: 100.0% text altered
236,ofccp-section503,OFCCP Section 503 Disability Page,DOL,https://www.dol.gov/agencies/ofccp/disability,2026-09-26T13:00:19.993190+00:00,CRITICAL,http_error,0.0,0.0,,,0.000,,,"--- before (2026-09-25)
+++ after (2026-09-26)
@@ -0,0 +1 @@
+Page Not Found | U.S. Department of Labor Skip to main content",HTTP 404 — page removed or inaccessible
237,ed-idea-data,IDEA Data Center,ED,https://sites.ed.gov/idea/data/,2026-09-26T13:00:20.255033+00:00,HIGH,content_major,100.0,0.3,,,0.000,,,"--- before (2026-09-25)
+++ after (2026-09-26)
@@ -0,0 +1 @@
+Azure WAF",Major content change: 100.0% text altered
238,ed-special-ed-childcount,IDEA Child Count and Educational Environments,ED,https://sites.ed.gov/idea/data/child-count-and-educational-environments/,2026-09-26T13:00:20.255871+00:00,HIGH,content_major,100.0,0.7,,,0.000,,,"--- before (2026-09-25)
+++ after (2026-09-26)
@@ -0,0 +1 @@
+Azure WAF",Major content change: 100.0% text altered
239,ed-disability-page,ED Office of Special Education Programs,ED,https://www.ed.gov/about/offices/list/osers/osep/index.html,2026-09-26T13:00:20.256420+00:00,HIGH,content_major,100.0,0.5,,,0.000,,,"--- before (2026-09-25)
+++ after (2026-09-26)
@@ -0,0 +1 @@
+Azure WAF",Major content change: 100.0% text altered
240,hhs-disability-page,HHS Disability Topic Page,HHS,https://www.hhs.gov/programs/topic-sites/disability/index.html,2026-09-26T13:00:25.281968+00:00,HIGH,content_major,100.0,0.0,,,0.000,,,"--- before (2026-09-25)
+++ after (2026-09-26)
@@ -0,0 +1 @@
+Access Denied Access Denied You don't have permission to access ""http://www.hhs.gov/programs/topic-sites/disability/index.html"" on this server. Reference #18.8d6d3e17.1790427481.14518afc https://errors.edgesuite.net/18.8d6d3e17.1790427481.14518afc",Major content change: 100.0% text altered
241,hhs-section504,HHS Section 504 Civil Rights (Disability),HHS,https://www.hhs.gov/civil-rights/for-individuals/disability/index.html,2026-09-26T13:00:30.306390+00:00,HIGH,content_major,100.0,0.0,,,0.000,,,"--- before (2026-09-25)
+++ after (2026-09-26)
@@ -0,0 +1 @@
+Access Denied Access Denied You don't have permission to access ""http://www.hhs.gov/civil-rights/for-individuals/disability/index.html"" on this server. Reference #18.8d6d3e17.1790427481.14518b0b https://errors.edgesuite.net/18.8d6d3e17.1790427481.14518b0b",Major content change: 100.0% text altered
242,hhs-open-data-catalog,HHS Open Data Catalog (data.json),HHS,https://www.hhs.gov/data.json,2026-09-26T13:00:30.307020+00:00,HIGH,content_major,100.0,0.0,,,0.000,,,"--- before (2026-09-25)
+++ after (2026-09-26)
@@ -0,0 +1,10 @@
+<HTML><HEAD>

+<TITLE>Access Denied</TITLE>

+</HEAD><BODY>

+<H1>Access Denied</H1>

+ 

+You don't have permission to access ""http&#58;&#47;&#47;www&#46;hhs&#46;gov&#47;data&#46;json"" on this server.<P>

+Reference&#32;&#35;18&#46;8d6d3e17&#46;1790427481&#46;14518b20

+<P>https&#58;&#47;&#47;errors&#46;edgesuite&#46;net&#47;18&#46;8d6d3e17&#46;1790427481&#46;14518b20</P>

+</BODY>

+</HTML>
",Major content change: 100.0% text altered
243,cms-dkan-disability-catalog,CMS Open Data Catalog (data.json),CMS,https://data.cms.gov/data.json,2026-09-26T13:00:30.307957+00:00,HIGH,content_major,100.0,0.1,6,6,0.000,,,"--- before (2026-09-25)
+++ after (2026-09-26)
@@ -0,0 +1 @@
+{""@context"":""https:\/\/project-open-data.cio.gov\/v1.1\/schema\/catalog.jsonld"",""@id"":""https:\/\/data.cms.gov\/data.json"",""@type"":""dcat:Catalog"",""conformsTo"":""https:\/\/project-open-data.cio.gov\/v1.1\/schema"",""describedBy"":""https:\/\/project-open-data.cio.gov\/v1.1\/schema\/catalog.json"",""dataset"":[{""@type"":""dcat:Dataset"",""accessLevel"":""public"",""accessRights"":""Open"",""accrualPeriodicity"":""R\/P1Y"",""bureauCode"":[""009:38""],""contactPoint""",Major content change: 100.0% text altered
244,ssa-press-releases,SSA Press Releases RSS Feed,SSA,https://www.ssa.gov/rss/mr.xml,2026-09-27T13:49:09.746861+00:00,HIGH,content_major,100.0,0.0,,,0.000,,,"--- before (2026-09-26)
+++ after (2026-09-27)
@@ -0,0 +1 @@
+Access Denied Access Denied You don't have permission to access ""http://www.ssa.gov/rss/mr.xml"" on this server. Reference #18.17c2c917.1790516934.6d0f9b3 https://errors.edgesuite.net/18.17c2c917.1790516934.6d0f9b3",Major content change: 100.0% text altered
245,ssa-public-use-data-index,SSA Public-Use Data Files (DKAN Catalog),SSA,https://www.ssa.gov/data/api/1/metastore/schemas/dataset/items?show-reference-ids,2026-09-27T13:49:09.747438+00:00,HIGH,content_major,100.0,0.5,,,0.000,,,"--- before (2026-09-26)
+++ after (2026-09-27)
@@ -0,0 +1,10 @@
+<HTML><HEAD>

+<TITLE>Access Denied</TITLE>

+</HEAD><BODY>

+<H1>Access Denied</H1>

+ 

+You don't have permission to access ""http&#58;&#47;&#47;www&#46;ssa&#46;gov&#47;data&#47;api&#47;1&#47;metastore&#47;schemas&#47;dataset&#47;items&#63;"" on this server.<P>

+Reference&#32;&#35;18&#46;17c2c917&#46;1790516934&#46;6d0f9af

+<P>https&#58;&#47;&#47;errors&#46;edgesuite&#46;net&#47;18&#46;17c2c917&#46;1790516934&#46;6d0f9af</P>

+<",Major content change: 100.0% text altered
246,ssa-bepuf-2020,SSA Benefits & Earnings Public-Use File 2020 (DKAN),SSA,https://www.ssa.gov/data/api/1/dataset/bepuf-2020,2026-09-27T13:49:09.747820+00:00,HIGH,content_major,100.0,0.0,,,0.000,,,"--- before (2026-09-26)
+++ after (2026-09-27)
@@ -0,0 +1,10 @@
+<HTML><HEAD>

+<TITLE>Access Denied</TITLE>

+</HEAD><BODY>

+<H1>Access Denied</H1>

+ 

+You don't have permission to access ""http&#58;&#47;&#47;www&#46;ssa&#46;gov&#47;data&#47;api&#47;1&#47;dataset&#47;bepuf&#45;2020"" on this server.<P>

+Reference&#32;&#35;18&#46;17c2c917&#46;1790516934&#46;6d0f9b4

+<P>https&#58;&#47;&#47;errors&#46;edgesuite&#46;net&#47;18&#46;17c2c917&#46;1790516934&#46;6d0f9b4</P>

+</BODY>

+</HTML>
",Major content change: 100.0% text altered
247,ssa-epuf,SSA Earnings Public-Use File (DKAN),SSA,https://www.ssa.gov/data/api/1/dataset/epuf,2026-09-27T13:49:09.748201+00:00,HIGH,content_major,100.0,0.0,,,0.000,,,"--- before (2026-09-26)
+++ after (2026-09-27)
@@ -0,0 +1,10 @@
+<HTML><HEAD>

+<TITLE>Access Denied</TITLE>

+</HEAD><BODY>

+<H1>Access Denied</H1>

+ 

+You don't have permission to access ""http&#58;&#47;&#47;www&#46;ssa&#46;gov&#47;data&#47;api&#47;1&#47;dataset&#47;epuf"" on this server.<P>

+Reference&#32;&#35;18&#46;17c2c917&#46;1790516934&#46;6d0f9b2

+<P>https&#58;&#47;&#47;errors&#46;edgesuite&#46;net&#47;18&#46;17c2c917&#46;1790516934&#46;6d0f9b2</P>

+</BODY>

+</HTML>
",Major content change: 100.0% text altered
248,ssa-ssi-microdata,SSA SSI Public-Use Microdata File (DKAN),SSA,https://www.ssa.gov/data/api/1/dataset/ssr,2026-09-27T13:49:09.748559+00:00,HIGH,content_major,100.0,0.5,,,0.000,,,"--- before (2026-09-26)
+++ after (2026-09-27)
@@ -0,0 +1,10 @@
+<HTML><HEAD>

+<TITLE>Access Denied</TITLE>

+</HEAD><BODY>

+<H1>Access Denied</H1>

+ 

+You don't have permission to access ""http&#58;&#47;&#47;www&#46;ssa&#46;gov&#47;data&#47;api&#47;1&#47;dataset&#47;ssr"" on this server.<P>

+Reference&#32;&#35;18&#46;17c2c917&#46;1790516934&#46;6d0f9b1

+<P>https&#58;&#47;&#47;errors&#46;edgesuite&#46;net&#47;18&#46;17c2c917&#46;1790516934&#46;6d0f9b1</P>

+</BODY>

+</HTML>
",Major content change: 100.0% text altered
249,ssa-disability-insurance-stats,SSA SSDI Annual Statistical Report (DKAN),SSA,https://www.ssa.gov/data/api/1/dataset/di_asr,2026-09-27T13:49:09.748946+00:00,HIGH,content_major,100.0,0.5,,,0.000,,,"--- before (2026-09-26)
+++ after (2026-09-27)
@@ -0,0 +1,10 @@
+<HTML><HEAD>

+<TITLE>Access Denied</TITLE>

+</HEAD><BODY>

+<H1>Access Denied</H1>

+ 

+You don't have permission to access ""http&#58;&#47;&#47;www&#46;ssa&#46;gov&#47;data&#47;api&#47;1&#47;dataset&#47;di&#95;asr"" on this server.<P>

+Reference&#32;&#35;18&#46;17c2c917&#46;1790516934&#46;6d0f9c7

+<P>https&#58;&#47;&#47;errors&#46;edgesuite&#46;net&#47;18&#46;17c2c917&#46;1790516934&#46;6d0f9c7</P>

+</BODY>

+</HTML>
",Major content change: 100.0% text altered
250,ssa-ssi-annual-stats,SSA SSI Annual Statistical Report (DKAN),SSA,https://www.ssa.gov/data/api/1/dataset/ssi_asr,2026-09-27T13:49:09.749324+00:00,HIGH,content_major,100.0,0.0,,,0.000,,,"--- before (2026-09-26)
+++ after (2026-09-27)
@@ -0,0 +1,10 @@
+<HTML><HEAD>

+<TITLE>Access Denied</TITLE>

+</HEAD><BODY>

+<H1>Access Denied</H1>

+ 

+You don't have permission to access ""http&#58;&#47;&#47;www&#46;ssa&#46;gov&#47;data&#47;api&#47;1&#47;dataset&#47;ssi&#95;asr"" on this server.<P>

+Reference&#32;&#35;18&#46;17c2c917&#46;1790516934&#46;6d0f9c8

+<P>https&#58;&#47;&#47;errors&#46;edgesuite&#46;net&#47;18&#46;17c2c917&#46;1790516934&#46;6d0f9c8</P>

+</BODY>

+</HTML>
",Major content change: 100.0% text altered
251,ssa-open-data-catalog,SSA Open Data Catalog (DKAN API),SSA,https://www.ssa.gov/data/api/1/metastore/schemas/dataset/items?show-reference-ids,2026-09-27T13:49:09.749661+00:00,HIGH,content_major,100.0,0.0,,,0.000,,,"--- before (2026-09-26)
+++ after (2026-09-27)
@@ -0,0 +1,10 @@
+<HTML><HEAD>

+<TITLE>Access Denied</TITLE>

+</HEAD><BODY>

+<H1>Access Denied</H1>

+ 

+You don't have permission to access ""http&#58;&#47;&#47;www&#46;ssa&#46;gov&#47;data&#47;api&#47;1&#47;metastore&#47;schemas&#47;dataset&#47;items&#63;"" on this server.<P>

+Reference&#32;&#35;18&#46;17c2c917&#46;1790516934&#46;6d0f9c6

+<P>https&#58;&#47;&#47;errors&#46;edgesuite&#46;net&#47;18&#46;17c2c917&#46;1790516934&#46;6d0f9c6</P>

+<",Major content change: 100.0% text altered
252,ssa-disability-benefits,SSA Sitemap (proxy for page availability),SSA,https://www.ssa.gov/sitemap.xml,2026-09-27T13:50:09.795264+00:00,HIGH,http_error,100.0,0.0,,,0.000,,,"--- before (2026-09-26)
+++ after (2026-09-27)
@@ -0,0 +1 @@
+Access Denied Access Denied You don't have permission to access ""http://www.ssa.gov/sitemap.xml"" on this server. Reference #18.17c2c917.1790516934.6d0f9ca https://errors.edgesuite.net/18.17c2c917.1790516934.6d0f9ca",HTTP status changed: 200 → 403
253,cdc-soda-disability-catalog,CDC Open Data — Disability Dataset Catalog (SODA API),CDC,https://data.cdc.gov/api/views/metadata/v1?limit=100&searchContext=disability,2026-09-27T13:51:00.412528+00:00,HIGH,content_major,100.0,0.0,100,100,0.000,,,"--- before (2026-09-26)
+++ after (2026-09-27)
@@ -0,0 +1,1777 @@
+[ {

+  ""id"" : ""7xz4-qgju"",

+  ""name"" : ""Historical Averages of Pollen Season Timing and Concentrations for Select United States Cities, 2003-2024"",

+  ""attribution"" : ""National Allergy Bureau (NAB) and CDC/NCEH/DEHSP"",

+  ""attributionLink"" : ""https://pollen.aaaai.org/"",

+  ""category"" : ""National Center for Environmental Health"",

+  ""createdAt"" : ""2026-09-15T20:05:49+0000"",

+  ""dataUpdatedAt"" : ""2026-09-18T15:34:47+0000"",

",Major content change: 100.0% text altered
254,census-disability-tables,Census Bureau Disability Data Tables,Census,https://www.census.gov/topics/health/disability/data/tables.html,2026-09-27T13:51:00.415052+00:00,HIGH,content_major,100.0,0.0,,,0.000,,,"--- before (2026-09-26)
+++ after (2026-09-27)
@@ -0,0 +1 @@
+Disability Data Tables Disability Data Tables Skip Navigation Within Data Disability Data Tables Tables containing disability estimates from the American Community Survey (ACS) are available on data.census.gov . Many Tables available on www.census.gov are downloadable in XLS, CSV, and PDF file formats. Tables available in data.census.gov can be bookmarked/saved, printed and downloaded. The sources of the data published on census.gov a",Major content change: 100.0% text altered
255,census-disability-topic,Census Bureau Disability Topic Page,Census,https://www.census.gov/topics/health/disability.html,2026-09-27T13:51:00.415421+00:00,HIGH,content_major,100.0,0.0,,,0.000,,,"--- before (2026-09-26)
+++ after (2026-09-27)
@@ -0,0 +1 @@
+Disability Disability Skip Navigation Within Disability Disability The Census Bureau collects data on disability primarily through the American Community Survey (ACS) and the Survey of Income and Program Participation (SIPP). Featured Guidance for Disability Data Users Learn about subjects covered by the data and which data tool to use. Find out about handbooks, data users groups, and related topics. Disability Library Online collecti",Major content change: 100.0% text altered
256,census-sipp-disability,Census SIPP Datasets,Census,https://www.census.gov/programs-surveys/sipp/data/datasets.html,2026-09-27T13:51:00.415871+00:00,HIGH,content_major,100.0,0.0,64,64,0.000,,,"--- before (2026-09-26)
+++ after (2026-09-27)
@@ -0,0 +1 @@
+Survey of Income and Program Participation Datasets Survey of Income and Program Participation Datasets Skip Navigation Within Data Survey of Income and Program Participation Datasets Access SIPP data by year (2018-2025) or panel/wave (1984-2014) in the tabbed lists below. For SIPP data related questions, please visit the Contact Us page. 2025 2024 2023 2022 2021 More 2020 2019 2018 2014 2008 2004 2001 1996 1993 1992 1991 1990 1989 19",Major content change: 100.0% text altered
257,nichd-disability-research,NICHD Disability Research (tombstone — 404 as of 2026-03),NIH,https://www.nichd.nih.gov/research/supported/disability,2026-09-27T13:51:00.416232+00:00,CRITICAL,http_error,0.0,0.0,,,0.000,,,"--- before (2026-09-26)
+++ after (2026-09-27)
@@ -0,0 +1 @@
+Page Not Found | NICHD - Eunice Kennedy Shriver National Institute of Child Health and Human Development Skip to main content NIH Websites Are Changing NIH is moving the launch of its new website to the fall to ensure the best possible experience for everyone who relies on our websites for health information, research, funding opportunities, and other resources. Get the Latest Updates and FAQs Breadcrumb Share Instagram Print Page Not",HTTP 404 — page removed or inaccessible
258,nichd-research-programs,NICHD Research Programs,NIH,https://www.nichd.nih.gov/research/supported,2026-09-27T13:51:00.969932+00:00,CRITICAL,http_error,0.0,0.0,845,822,0.000,,,"--- before (2026-09-26)
+++ after (2026-09-27)
@@ -0,0 +1 @@
+Page Not Found | NICHD - Eunice Kennedy Shriver National Institute of Child Health and Human Development Skip to main content NIH Websites Are Changing NIH is moving the launch of its new website to the fall to ensure the best possible experience for everyone who relies on our websites for health information, research, funding opportunities, and other resources. Get the Latest Updates and FAQs Breadcrumb Share Instagram Print Page Not",HTTP 404 — page removed or inaccessible
259,nih-nidcd-data,NIH NIDCD Hearing/Disability Quick Statistics,NIH,https://www.nidcd.nih.gov/health/statistics/quick-statistics-hearing,2026-09-27T13:51:07.356110+00:00,HIGH,content_major,100.0,0.0,,,0.000,,,"--- before (2026-09-26)
+++ after (2026-09-27)
@@ -0,0 +1 @@
+Quick Statistics About Hearing, Balance, & Dizziness | NIDCD Skip to main content Official websites use .gov A .gov website belongs to an official government organization in the United States. Secure .gov websites use HTTPS A lock ( ) or https:// means you've safely connected to the .gov website. Share sensitive information only on official, secure websites. NIH Websites Are Changing NIH is moving the launch of its new website to the ",Major content change: 100.0% text altered
260,acl-data-research,ACL Aging and Disability Data and Research,ACL,https://acl.gov/aging-and-disability-in-america/data-and-research,2026-09-27T13:51:07.356769+00:00,HIGH,content_major,100.0,0.0,,,0.000,,,"--- before (2026-09-26)
+++ after (2026-09-27)
@@ -0,0 +1 @@
+Data and Research | ACL Administration for Community Living Skip to main content Official websites use .gov A .gov website belongs to an official government organization in the United States. Secure .gov websites use HTTPS A lock ( ) or https:// means you’ve safely connected to the .gov website. Share sensitive information only on official, secure websites. Find Help Announcements A - Z Browse Search MENU Menu × Home Data, Research & ",Major content change: 100.0% text altered
261,acl-programs,ACL Programs Directory,ACL,https://acl.gov/programs,2026-09-27T13:51:07.357222+00:00,HIGH,content_major,100.0,0.0,264,264,0.000,,,"--- before (2026-09-26)
+++ after (2026-09-27)
@@ -0,0 +1 @@
+Program and Policy Areas | ACL Administration for Community Living Skip to main content Official websites use .gov A .gov website belongs to an official government organization in the United States. Secure .gov websites use HTTPS A lock ( ) or https:// means you’ve safely connected to the .gov website. Share sensitive information only on official, secure websites. Find Help Announcements A - Z Browse Search MENU Menu × Home Program an",Major content change: 100.0% text altered
262,nci-data-portal,National Core Indicators Data Files,ACL,https://www.nationalcoreindicators.org/resources/data/,2026-09-27T13:51:07.357712+00:00,CRITICAL,external_redirect,0.0,0.0,84,84,0.000,,,"--- before (2026-09-26)
+++ after (2026-09-27)
@@ -0,0 +1 @@
+Resources | National Core Indicators National Core Indicators State Login Login » Username Password Forgot Password Old Homepage About Overview Indicators Mission History Staff NCI States Alabama Alaska Arizona Arkansas California Colorado Connecticut Delaware Florida Georgia Hawaii Idaho Illinois Indiana Kansas Kentucky Louisiana Maine Maryland Massachusetts Michigan Minnesota Mississippi Missouri Montana Nebraska Nevada New Hampshir",Redirected to non-.gov: https://legacy.nationalcoreindicators.org/resources/data
263,acl-home,ACL Homepage,ACL,https://acl.gov/,2026-09-27T13:51:13.717683+00:00,HIGH,content_major,100.0,0.0,,,0.000,,,"--- before (2026-09-26)
+++ after (2026-09-27)
@@ -0,0 +1 @@
+Home Page | ACL Administration for Community Living Skip to main content Official websites use .gov A .gov website belongs to an official government organization in the United States. Secure .gov websites use HTTPS A lock ( ) or https:// means you’ve safely connected to the .gov website. Share sensitive information only on official, secure websites. Find Help Announcements A - Z Browse Search MENU Menu × Advancing Community Living for",Major content change: 100.0% text altered
264,dol-odep-statistics,DOL ODEP Disability Statistics,DOL,https://www.dol.gov/agencies/odep/research-evaluation/statistics,2026-09-27T13:51:13.718185+00:00,HIGH,content_major,100.0,0.0,,,0.000,,,"--- before (2026-09-26)
+++ after (2026-09-27)
@@ -0,0 +1 @@
+Disability Employment Statistics | U.S. Department of Labor Skip to main content",Major content change: 100.0% text altered
265,bls-disability-release-toc,BLS Disability Employment News Release (TOC),BLS,https://www.bls.gov/news.release/disabl.toc.htm,2026-09-27T13:52:13.811262+00:00,HIGH,content_major,100.0,0.0,,,0.000,,,"--- before (2026-09-26)
+++ after (2026-09-27)
@@ -0,0 +1 @@
+Access Denied Bureau of Labor Statistics Access Denied The BLS is committed to providing data promptly and according to established schedules. Automated retrieval programs (commonly called ""robots"" or ""bots"") can cause delays and interfere with other customers' timely access to information. Therefore, bot activity that doesn't conform to BLS usage policy is prohibited. We apologize for any inconvenience. If you believe we have made an",Major content change: 100.0% text altered
266,bls-disability-data-tables,BLS Disability Employment Data Tables,BLS,https://www.bls.gov/news.release/disabl.nr0.htm,2026-09-27T13:52:19.492282+00:00,HIGH,content_major,100.0,0.0,,,0.000,,,"--- before (2026-09-26)
+++ after (2026-09-27)
@@ -0,0 +1 @@
+[CDX proxy] digest= ts=20100829052049",Major content change: 100.0% text altered
267,bls-disability-flat-files,BLS Employment Level — With Disability (CPS Series LNU02074593),BLS,https://api.bls.gov/publicAPI/v2/timeseries/data/LNU02074593?startyear=2023&endyear=2025,2026-09-27T13:52:19.492756+00:00,HIGH,content_major,100.0,0.0,4,4,0.000,,,"--- before (2026-09-26)
+++ after (2026-09-27)
@@ -0,0 +1,4 @@
+{""status"":""REQUEST_SUCCEEDED"",""responseTime"":71,""message"":[],""Results"":{

+""series"":

+[{""seriesID"":""LNU02074593"",""data"":[{""year"":""2025"",""period"":""M12"",""periodName"":""December"",""value"":""155260"",""footnotes"":[{}]},{""year"":""2025"",""period"":""M11"",""periodName"":""November"",""value"":""155143"",""footnotes"":[{}]},{""year"":""2025"",""period"":""M10"",""periodName"":""October"",""value"":""-"",""footnotes"":[{""code"":""9"",""text"":""Data unavailable due to the 2025 lapse",Major content change: 100.0% text altered
268,askjan-home,Job Accommodation Network Homepage,JAN,https://askjan.org/,2026-09-27T13:52:19.493160+00:00,HIGH,content_major,100.0,0.0,,,0.000,,,"--- before (2026-09-26)
+++ after (2026-09-27)
@@ -0,0 +1 @@
+JAN - Job Accommodation Network Skip to main navigation Skip to search Skip to content Open Search Close Search Search the site: Click to Search Contact Open Close Employers Individuals Toolkit A to Z Situations & Solutions Finder MyJAN Publications Training About JAN Search the site: Search Information By Role Toolkit A to Z of Disabilities & Accommodations ADA Library Situations & Solutions Finder MyJAN Publications Training About J",Major content change: 100.0% text altered
269,askjan-a-to-z,JAN A-to-Z Disability Index,JAN,https://askjan.org/a-to-z.cfm,2026-09-27T13:52:19.493609+00:00,HIGH,content_major,100.0,0.0,,,0.000,,,"--- before (2026-09-26)
+++ after (2026-09-27)
@@ -0,0 +1 @@
+A to Z of Disabilities and Accommodations Close Menu Close A to Z of Disabilities and Accommodations home If you are looking for information on job accommodations, the Americans with Disabilities Act or Rehabilitation Act, or topics related to disability employment, see the listings below for various topics covered by JAN. JAN provides the following A to Z listings by disability, topic, and limitation. This information is designed to ",Major content change: 100.0% text altered
270,ofccp-section503,OFCCP Section 503 Disability Page,DOL,https://www.dol.gov/agencies/ofccp/disability,2026-09-27T13:52:19.494156+00:00,CRITICAL,http_error,0.0,0.0,,,0.000,,,"--- before (2026-09-26)
+++ after (2026-09-27)
@@ -0,0 +1 @@
+Page Not Found | U.S. Department of Labor Skip to main content",HTTP 404 — page removed or inaccessible
271,ed-idea-data,IDEA Data Center,ED,https://sites.ed.gov/idea/data/,2026-09-27T13:52:19.920643+00:00,HIGH,content_major,100.0,87.2,,,0.000,,,"--- before (2026-09-26)
+++ after (2026-09-27)
@@ -0,0 +1 @@
+Service unavailable The request is blocked. 20260927T134859Z-r1b78d6c54bt75sshC1CYS1xes0000000nmg000000000kyw",Major content change: 100.0% text altered
272,ed-special-ed-childcount,IDEA Child Count and Educational Environments,ED,https://sites.ed.gov/idea/data/child-count-and-educational-environments/,2026-09-27T13:52:19.921230+00:00,HIGH,content_major,100.0,87.3,,,0.000,,,"--- before (2026-09-26)
+++ after (2026-09-27)
@@ -0,0 +1 @@
+Service unavailable The request is blocked. 20260927T134859Z-r1b78d6c54b8c7kvhC1CYSfax00000000neg0000000006ev",Major content change: 100.0% text altered
273,ed-disability-page,ED Office of Special Education Programs,ED,https://www.ed.gov/about/offices/list/osers/osep/index.html,2026-09-27T13:52:19.921582+00:00,HIGH,content_major,100.0,87.2,,,0.000,,,"--- before (2026-09-26)
+++ after (2026-09-27)
@@ -0,0 +1 @@
+Service unavailable The request is blocked. 20260927T134859Z-r1b78d6c54bpb5c5hC1CYSu80000000006100000000020ug",Major content change: 100.0% text altered
274,hhs-disability-page,HHS Disability Topic Page,HHS,https://www.hhs.gov/programs/topic-sites/disability/index.html,2026-09-27T13:52:22.149692+00:00,HIGH,content_major,100.0,0.0,,,0.000,,,"--- before (2026-09-26)
+++ after (2026-09-27)
@@ -0,0 +1 @@
+Access Denied Access Denied You don't have permission to access ""http://www.hhs.gov/programs/topic-sites/disability/index.html"" on this server. Reference #18.c506d217.1790516940.33fbc92c https://errors.edgesuite.net/18.c506d217.1790516940.33fbc92c",Major content change: 100.0% text altered
275,hhs-section504,HHS Section 504 Civil Rights (Disability),HHS,https://www.hhs.gov/civil-rights/for-individuals/disability/index.html,2026-09-27T13:52:23.078709+00:00,HIGH,content_major,100.0,0.0,,,0.000,,,"--- before (2026-09-26)
+++ after (2026-09-27)
@@ -0,0 +1 @@
+[CDX proxy] digest= ts=20151225101824",Major content change: 100.0% text altered
276,hhs-open-data-catalog,HHS Open Data Catalog (data.json),HHS,https://www.hhs.gov/data.json,2026-09-27T13:52:23.079209+00:00,HIGH,content_major,100.0,0.0,,,0.000,,,"--- before (2026-09-26)
+++ after (2026-09-27)
@@ -0,0 +1,10 @@
+<HTML><HEAD>

+<TITLE>Access Denied</TITLE>

+</HEAD><BODY>

+<H1>Access Denied</H1>

+ 

+You don't have permission to access ""http&#58;&#47;&#47;www&#46;hhs&#46;gov&#47;data&#46;json"" on this server.<P>

+Reference&#32;&#35;18&#46;c506d217&#46;1790516940&#46;33fbc9b5

+<P>https&#58;&#47;&#47;errors&#46;edgesuite&#46;net&#47;18&#46;c506d217&#46;1790516940&#46;33fbc9b5</P>

+</BODY>

+</HTML>
",Major content change: 100.0% text altered
277,ssa-press-releases,SSA Press Releases RSS Feed,SSA,https://www.ssa.gov/rss/mr.xml,2026-09-28T16:43:46.901314+00:00,HIGH,content_major,100.0,0.5,,,0.000,,,"--- before (2026-09-27)
+++ after (2026-09-28)
@@ -0,0 +1 @@
+Access Denied Access Denied You don't have permission to access ""http://www.ssa.gov/rss/mr.xml"" on this server. Reference #18.b32d3e17.1790613754.386ebbd8 https://errors.edgesuite.net/18.b32d3e17.1790613754.386ebbd8",Major content change: 100.0% text altered
278,ssa-public-use-data-index,SSA Public-Use Data Files (DKAN Catalog),SSA,https://www.ssa.gov/data/api/1/metastore/schemas/dataset/items?show-reference-ids,2026-09-28T16:43:46.902058+00:00,HIGH,content_major,100.0,0.0,,,0.000,,,"--- before (2026-09-27)
+++ after (2026-09-28)
@@ -0,0 +1,10 @@
+<HTML><HEAD>

+<TITLE>Access Denied</TITLE>

+</HEAD><BODY>

+<H1>Access Denied</H1>

+ 

+You don't have permission to access ""http&#58;&#47;&#47;www&#46;ssa&#46;gov&#47;data&#47;api&#47;1&#47;metastore&#47;schemas&#47;dataset&#47;items&#63;"" on this server.<P>

+Reference&#32;&#35;18&#46;ac2d3e17&#46;1790613754&#46;44eda91

+<P>https&#58;&#47;&#47;errors&#46;edgesuite&#46;net&#47;18&#46;ac2d3e17&#46;1790613754&#46;44eda91</P>

+<",Major content change: 100.0% text altered
279,ssa-bepuf-2020,SSA Benefits & Earnings Public-Use File 2020 (DKAN),SSA,https://www.ssa.gov/data/api/1/dataset/bepuf-2020,2026-09-28T16:43:46.902688+00:00,HIGH,content_major,100.0,0.0,,,0.000,,,"--- before (2026-09-27)
+++ after (2026-09-28)
@@ -0,0 +1,10 @@
+<HTML><HEAD>

+<TITLE>Access Denied</TITLE>

+</HEAD><BODY>

+<H1>Access Denied</H1>

+ 

+You don't have permission to access ""http&#58;&#47;&#47;www&#46;ssa&#46;gov&#47;data&#47;api&#47;1&#47;dataset&#47;bepuf&#45;2020"" on this server.<P>

+Reference&#32;&#35;18&#46;ac2d3e17&#46;1790613754&#46;44eda7f

+<P>https&#58;&#47;&#47;errors&#46;edgesuite&#46;net&#47;18&#46;ac2d3e17&#46;1790613754&#46;44eda7f</P>

+</BODY>

+</HTML>
",Major content change: 100.0% text altered
280,ssa-epuf,SSA Earnings Public-Use File (DKAN),SSA,https://www.ssa.gov/data/api/1/dataset/epuf,2026-09-28T16:43:46.903268+00:00,HIGH,content_major,100.0,0.5,,,0.000,,,"--- before (2026-09-27)
+++ after (2026-09-28)
@@ -0,0 +1,10 @@
+<HTML><HEAD>

+<TITLE>Access Denied</TITLE>

+</HEAD><BODY>

+<H1>Access Denied</H1>

+ 

+You don't have permission to access ""http&#58;&#47;&#47;www&#46;ssa&#46;gov&#47;data&#47;api&#47;1&#47;dataset&#47;epuf"" on this server.<P>

+Reference&#32;&#35;18&#46;b32d3e17&#46;1790613754&#46;386ebbe5

+<P>https&#58;&#47;&#47;errors&#46;edgesuite&#46;net&#47;18&#46;b32d3e17&#46;1790613754&#46;386ebbe5</P>

+</BODY>

+</HTML>
",Major content change: 100.0% text altered
281,ssa-ssi-microdata,SSA SSI Public-Use Microdata File (DKAN),SSA,https://www.ssa.gov/data/api/1/dataset/ssr,2026-09-28T16:43:46.903865+00:00,HIGH,content_major,100.0,0.0,,,0.000,,,"--- before (2026-09-27)
+++ after (2026-09-28)
@@ -0,0 +1,10 @@
+<HTML><HEAD>

+<TITLE>Access Denied</TITLE>

+</HEAD><BODY>

+<H1>Access Denied</H1>

+ 

+You don't have permission to access ""http&#58;&#47;&#47;www&#46;ssa&#46;gov&#47;data&#47;api&#47;1&#47;dataset&#47;ssr"" on this server.<P>

+Reference&#32;&#35;18&#46;ac2d3e17&#46;1790613754&#46;44eda67

+<P>https&#58;&#47;&#47;errors&#46;edgesuite&#46;net&#47;18&#46;ac2d3e17&#46;1790613754&#46;44eda67</P>

+</BODY>

+</HTML>
",Major content change: 100.0% text altered
282,ssa-disability-insurance-stats,SSA SSDI Annual Statistical Report (DKAN),SSA,https://www.ssa.gov/data/api/1/dataset/di_asr,2026-09-28T16:43:46.904452+00:00,HIGH,content_major,100.0,0.5,,,0.000,,,"--- before (2026-09-27)
+++ after (2026-09-28)
@@ -0,0 +1,10 @@
+<HTML><HEAD>

+<TITLE>Access Denied</TITLE>

+</HEAD><BODY>

+<H1>Access Denied</H1>

+ 

+You don't have permission to access ""http&#58;&#47;&#47;www&#46;ssa&#46;gov&#47;data&#47;api&#47;1&#47;dataset&#47;di&#95;asr"" on this server.<P>

+Reference&#32;&#35;18&#46;b32d3e17&#46;1790613754&#46;386ebc45

+<P>https&#58;&#47;&#47;errors&#46;edgesuite&#46;net&#47;18&#46;b32d3e17&#46;1790613754&#46;386ebc45</P>

+</BODY>

+</HTML>
",Major content change: 100.0% text altered
283,ssa-ssi-annual-stats,SSA SSI Annual Statistical Report (DKAN),SSA,https://www.ssa.gov/data/api/1/dataset/ssi_asr,2026-09-28T16:43:46.905045+00:00,HIGH,content_major,100.0,0.0,,,0.000,,,"--- before (2026-09-27)
+++ after (2026-09-28)
@@ -0,0 +1,10 @@
+<HTML><HEAD>

+<TITLE>Access Denied</TITLE>

+</HEAD><BODY>

+<H1>Access Denied</H1>

+ 

+You don't have permission to access ""http&#58;&#47;&#47;www&#46;ssa&#46;gov&#47;data&#47;api&#47;1&#47;dataset&#47;ssi&#95;asr"" on this server.<P>

+Reference&#32;&#35;18&#46;ac2d3e17&#46;1790613754&#46;44edacc

+<P>https&#58;&#47;&#47;errors&#46;edgesuite&#46;net&#47;18&#46;ac2d3e17&#46;1790613754&#46;44edacc</P>

+</BODY>

+</HTML>
",Major content change: 100.0% text altered
284,ssa-open-data-catalog,SSA Open Data Catalog (DKAN API),SSA,https://www.ssa.gov/data/api/1/metastore/schemas/dataset/items?show-reference-ids,2026-09-28T16:43:46.905676+00:00,HIGH,content_major,100.0,0.0,,,0.000,,,"--- before (2026-09-27)
+++ after (2026-09-28)
@@ -0,0 +1,10 @@
+<HTML><HEAD>

+<TITLE>Access Denied</TITLE>

+</HEAD><BODY>

+<H1>Access Denied</H1>

+ 

+You don't have permission to access ""http&#58;&#47;&#47;www&#46;ssa&#46;gov&#47;data&#47;api&#47;1&#47;metastore&#47;schemas&#47;dataset&#47;items&#63;"" on this server.<P>

+Reference&#32;&#35;18&#46;ac2d3e17&#46;1790613754&#46;44edac7

+<P>https&#58;&#47;&#47;errors&#46;edgesuite&#46;net&#47;18&#46;ac2d3e17&#46;1790613754&#46;44edac7</P>

+<",Major content change: 100.0% text altered
285,ssa-disability-benefits,SSA Sitemap (proxy for page availability),SSA,https://www.ssa.gov/sitemap.xml,2026-09-28T16:44:15.412577+00:00,HIGH,content_major,100.0,0.5,,,0.000,,,"--- before (2026-09-27)
+++ after (2026-09-28)
@@ -0,0 +1 @@
+[CDX proxy] digest= ts=20081018142859",Major content change: 100.0% text altered
286,cdc-soda-disability-catalog,CDC Open Data — Disability Dataset Catalog (SODA API),CDC,https://data.cdc.gov/api/views/metadata/v1?limit=100&searchContext=disability,2026-09-28T16:44:47.659376+00:00,HIGH,content_major,100.0,0.0,100,100,0.000,,,"--- before (2026-09-27)
+++ after (2026-09-28)
@@ -0,0 +1,1777 @@
+[ {

+  ""id"" : ""7xz4-qgju"",

+  ""name"" : ""Historical Averages of Pollen Season Timing and Concentrations for Select United States Cities, 2003-2024"",

+  ""attribution"" : ""National Allergy Bureau (NAB) and CDC/NCEH/DEHSP"",

+  ""attributionLink"" : ""https://pollen.aaaai.org/"",

+  ""category"" : ""National Center for Environmental Health"",

+  ""createdAt"" : ""2026-09-15T20:05:49+0000"",

+  ""dataUpdatedAt"" : ""2026-09-18T15:34:47+0000"",

",Major content change: 100.0% text altered
287,census-disability-tables,Census Bureau Disability Data Tables,Census,https://www.census.gov/topics/health/disability/data/tables.html,2026-09-28T16:44:47.662447+00:00,HIGH,content_major,100.0,4.0,,,0.000,,,"--- before (2026-09-27)
+++ after (2026-09-28)
@@ -0,0 +1 @@
+Disability Data Tables Disability Data Tables Skip Navigation Within Data Disability Data Tables Tables containing disability estimates from the American Community Survey (ACS) are available on data.census.gov . Many Tables available on www.census.gov are downloadable in XLS, CSV, and PDF file formats. Tables available in data.census.gov can be bookmarked/saved, printed and downloaded. The sources of the data published on census.gov a",Major content change: 100.0% text altered
288,census-disability-topic,Census Bureau Disability Topic Page,Census,https://www.census.gov/topics/health/disability.html,2026-09-28T16:44:47.663032+00:00,HIGH,content_major,100.0,0.0,,,0.000,,,"--- before (2026-09-27)
+++ after (2026-09-28)
@@ -0,0 +1 @@
+Disability Disability Skip Navigation Within Disability Disability The Census Bureau collects data on disability primarily through the American Community Survey (ACS) and the Survey of Income and Program Participation (SIPP). Featured Guidance for Disability Data Users Learn about subjects covered by the data and which data tool to use. Find out about handbooks, data users groups, and related topics. Disability Library Online collecti",Major content change: 100.0% text altered
289,census-sipp-disability,Census SIPP Datasets,Census,https://www.census.gov/programs-surveys/sipp/data/datasets.html,2026-09-28T16:44:47.663905+00:00,HIGH,content_major,100.0,0.0,64,64,0.000,,,"--- before (2026-09-27)
+++ after (2026-09-28)
@@ -0,0 +1 @@
+Survey of Income and Program Participation Datasets Survey of Income and Program Participation Datasets Skip Navigation Within Data Survey of Income and Program Participation Datasets Access SIPP data by year (2018-2025) or panel/wave (1984-2014) in the tabbed lists below. For SIPP data related questions, please visit the Contact Us page. 2025 2024 2023 2022 2021 More 2020 2019 2018 2014 2008 2004 2001 1996 1993 1992 1991 1990 1989 19",Major content change: 100.0% text altered
290,nichd-disability-research,NICHD Disability Research (tombstone — 404 as of 2026-03),NIH,https://www.nichd.nih.gov/research/supported/disability,2026-09-28T16:44:47.664440+00:00,CRITICAL,http_error,0.0,0.0,,,0.000,,,"--- before (2026-09-27)
+++ after (2026-09-28)
@@ -0,0 +1 @@
+Page Not Found | NICHD - Eunice Kennedy Shriver National Institute of Child Health and Human Development Skip to main content NIH Websites Are Changing NIH is moving the launch of its new website to the fall to ensure the best possible experience for everyone who relies on our websites for health information, research, funding opportunities, and other resources. Get the Latest Updates and FAQs Breadcrumb Share Instagram Print Page Not",HTTP 404 — page removed or inaccessible
291,nichd-research-programs,NICHD Research Programs,NIH,https://www.nichd.nih.gov/research/supported,2026-09-28T16:44:48.086073+00:00,CRITICAL,http_error,0.0,0.0,822,822,0.000,,,"--- before (2026-09-27)
+++ after (2026-09-28)
@@ -0,0 +1 @@
+Page Not Found | NICHD - Eunice Kennedy Shriver National Institute of Child Health and Human Development Skip to main content NIH Websites Are Changing NIH is moving the launch of its new website to the fall to ensure the best possible experience for everyone who relies on our websites for health information, research, funding opportunities, and other resources. Get the Latest Updates and FAQs Breadcrumb Share Instagram Print Page Not",HTTP 404 — page removed or inaccessible
292,nih-nidcd-data,NIH NIDCD Hearing/Disability Quick Statistics,NIH,https://www.nidcd.nih.gov/health/statistics/quick-statistics-hearing,2026-09-28T16:44:54.273097+00:00,HIGH,content_major,100.0,0.0,,,0.000,,,"--- before (2026-09-27)
+++ after (2026-09-28)
@@ -0,0 +1 @@
+Quick Statistics About Hearing, Balance, & Dizziness | NIDCD Skip to main content Official websites use .gov A .gov website belongs to an official government organization in the United States. Secure .gov websites use HTTPS A lock ( ) or https:// means you've safely connected to the .gov website. Share sensitive information only on official, secure websites. NIH Websites Are Changing NIH is moving the launch of its new website to the ",Major content change: 100.0% text altered
293,acl-data-research,ACL Aging and Disability Data and Research,ACL,https://acl.gov/aging-and-disability-in-america/data-and-research,2026-09-28T16:44:54.274099+00:00,HIGH,content_major,100.0,0.0,,,0.000,,,"--- before (2026-09-27)
+++ after (2026-09-28)
@@ -0,0 +1 @@
+Data and Research | ACL Administration for Community Living Skip to main content Official websites use .gov A .gov website belongs to an official government organization in the United States. Secure .gov websites use HTTPS A lock ( ) or https:// means you’ve safely connected to the .gov website. Share sensitive information only on official, secure websites. Find Help Announcements A - Z Browse Search MENU Menu × Home Data, Research & ",Major content change: 100.0% text altered
294,acl-programs,ACL Programs Directory,ACL,https://acl.gov/programs,2026-09-28T16:44:54.274906+00:00,HIGH,content_major,100.0,0.0,264,264,0.000,,,"--- before (2026-09-27)
+++ after (2026-09-28)
@@ -0,0 +1 @@
+Program and Policy Areas | ACL Administration for Community Living Skip to main content Official websites use .gov A .gov website belongs to an official government organization in the United States. Secure .gov websites use HTTPS A lock ( ) or https:// means you’ve safely connected to the .gov website. Share sensitive information only on official, secure websites. Find Help Announcements A - Z Browse Search MENU Menu × Home Program an",Major content change: 100.0% text altered
295,nci-data-portal,National Core Indicators Data Files,ACL,https://www.nationalcoreindicators.org/resources/data/,2026-09-28T16:44:54.275567+00:00,CRITICAL,external_redirect,0.0,0.0,84,84,0.000,,,"--- before (2026-09-27)
+++ after (2026-09-28)
@@ -0,0 +1 @@
+Resources | National Core Indicators National Core Indicators State Login Login » Username Password Forgot Password Old Homepage About Overview Indicators Mission History Staff NCI States Alabama Alaska Arizona Arkansas California Colorado Connecticut Delaware Florida Georgia Hawaii Idaho Illinois Indiana Kansas Kentucky Louisiana Maine Maryland Massachusetts Michigan Minnesota Mississippi Missouri Montana Nebraska Nevada New Hampshir",Redirected to non-.gov: https://legacy.nationalcoreindicators.org/resources/data
296,acl-home,ACL Homepage,ACL,https://acl.gov/,2026-09-28T16:45:00.589437+00:00,HIGH,content_major,100.0,0.0,,,0.000,,,"--- before (2026-09-27)
+++ after (2026-09-28)
@@ -0,0 +1 @@
+Home Page | ACL Administration for Community Living Skip to main content Official websites use .gov A .gov website belongs to an official government organization in the United States. Secure .gov websites use HTTPS A lock ( ) or https:// means you’ve safely connected to the .gov website. Share sensitive information only on official, secure websites. Find Help Announcements A - Z Browse Search MENU Menu × Advancing Community Living for",Major content change: 100.0% text altered
297,dol-odep-statistics,DOL ODEP Disability Statistics,DOL,https://www.dol.gov/agencies/odep/research-evaluation/statistics,2026-09-28T16:45:00.590226+00:00,HIGH,content_major,100.0,0.0,,,0.000,,,"--- before (2026-09-27)
+++ after (2026-09-28)
@@ -0,0 +1 @@
+Disability Employment Statistics | U.S. Department of Labor Skip to main content",Major content change: 100.0% text altered
298,bls-disability-release-toc,BLS Disability Employment News Release (TOC),BLS,https://www.bls.gov/news.release/disabl.toc.htm,2026-09-28T16:46:00.607043+00:00,HIGH,content_major,100.0,0.0,,,0.000,,,"--- before (2026-09-27)
+++ after (2026-09-28)
@@ -0,0 +1 @@
+Access Denied Bureau of Labor Statistics Access Denied The BLS is committed to providing data promptly and according to established schedules. Automated retrieval programs (commonly called ""robots"" or ""bots"") can cause delays and interfere with other customers' timely access to information. Therefore, bot activity that doesn't conform to BLS usage policy is prohibited. We apologize for any inconvenience. If you believe we have made an",Major content change: 100.0% text altered
299,bls-disability-data-tables,BLS Disability Employment Data Tables,BLS,https://www.bls.gov/news.release/disabl.nr0.htm,2026-09-28T16:47:00.615345+00:00,HIGH,http_error,100.0,0.0,,,0.000,,,"--- before (2026-09-27)
+++ after (2026-09-28)
@@ -0,0 +1 @@
+Access Denied Bureau of Labor Statistics Access Denied The BLS is committed to providing data promptly and according to established schedules. Automated retrieval programs (commonly called ""robots"" or ""bots"") can cause delays and interfere with other customers' timely access to information. Therefore, bot activity that doesn't conform to BLS usage policy is prohibited. We apologize for any inconvenience. If you believe we have made an",HTTP status changed: 200 → 403
300,bls-disability-flat-files,BLS Employment Level — With Disability (CPS Series LNU02074593),BLS,https://api.bls.gov/publicAPI/v2/timeseries/data/LNU02074593?startyear=2023&endyear=2025,2026-09-28T16:47:00.616050+00:00,HIGH,content_major,100.0,0.0,4,4,0.000,,,"--- before (2026-09-27)
+++ after (2026-09-28)
@@ -0,0 +1,4 @@
+{""status"":""REQUEST_SUCCEEDED"",""responseTime"":74,""message"":[],""Results"":{

+""series"":

+[{""seriesID"":""LNU02074593"",""data"":[{""year"":""2025"",""period"":""M12"",""periodName"":""December"",""value"":""155260"",""footnotes"":[{}]},{""year"":""2025"",""period"":""M11"",""periodName"":""November"",""value"":""155143"",""footnotes"":[{}]},{""year"":""2025"",""period"":""M10"",""periodName"":""October"",""value"":""-"",""footnotes"":[{""code"":""9"",""text"":""Data unavailable due to the 2025 lapse",Major content change: 100.0% text altered
301,askjan-home,Job Accommodation Network Homepage,JAN,https://askjan.org/,2026-09-28T16:47:00.616784+00:00,HIGH,content_major,100.0,0.2,,,0.000,,,"--- before (2026-09-27)
+++ after (2026-09-28)
@@ -0,0 +1 @@
+JAN - Job Accommodation Network Skip to main navigation Skip to search Skip to content Open Search Close Search Search the site: Click to Search Contact Open Close Employers Individuals Toolkit A to Z Situations & Solutions Finder MyJAN Publications Training About JAN Search the site: Search Information By Role Toolkit A to Z of Disabilities & Accommodations ADA Library Situations & Solutions Finder MyJAN Publications Training About J",Major content change: 100.0% text altered
302,askjan-a-to-z,JAN A-to-Z Disability Index,JAN,https://askjan.org/a-to-z.cfm,2026-09-28T16:47:00.617549+00:00,HIGH,content_major,100.0,0.0,,,0.000,,,"--- before (2026-09-27)
+++ after (2026-09-28)
@@ -0,0 +1 @@
+A to Z of Disabilities and Accommodations Close Menu Close A to Z of Disabilities and Accommodations home If you are looking for information on job accommodations, the Americans with Disabilities Act or Rehabilitation Act, or topics related to disability employment, see the listings below for various topics covered by JAN. JAN provides the following A to Z listings by disability, topic, and limitation. This information is designed to ",Major content change: 100.0% text altered
303,ofccp-section503,OFCCP Section 503 Disability Page,DOL,https://www.dol.gov/agencies/ofccp/disability,2026-09-28T16:47:00.618386+00:00,CRITICAL,http_error,0.0,0.0,,,0.000,,,"--- before (2026-09-27)
+++ after (2026-09-28)
@@ -0,0 +1 @@
+Page Not Found | U.S. Department of Labor Skip to main content",HTTP 404 — page removed or inaccessible
304,ed-idea-data,IDEA Data Center,ED,https://sites.ed.gov/idea/data/,2026-09-28T16:47:00.894375+00:00,HIGH,content_major,100.0,87.2,,,0.000,,,"--- before (2026-09-27)
+++ after (2026-09-28)
@@ -0,0 +1 @@
+Azure WAF",Major content change: 100.0% text altered
305,ed-special-ed-childcount,IDEA Child Count and Educational Environments,ED,https://sites.ed.gov/idea/data/child-count-and-educational-environments/,2026-09-28T16:47:00.895325+00:00,HIGH,content_major,100.0,87.3,,,0.000,,,"--- before (2026-09-27)
+++ after (2026-09-28)
@@ -0,0 +1 @@
+Azure WAF",Major content change: 100.0% text altered
306,ed-disability-page,ED Office of Special Education Programs,ED,https://www.ed.gov/about/offices/list/osers/osep/index.html,2026-09-28T16:47:00.895885+00:00,HIGH,content_major,100.0,87.2,,,0.000,,,"--- before (2026-09-27)
+++ after (2026-09-28)
@@ -0,0 +1 @@
+Azure WAF",Major content change: 100.0% text altered
307,hhs-disability-page,HHS Disability Topic Page,HHS,https://www.hhs.gov/programs/topic-sites/disability/index.html,2026-09-28T16:47:49.002501+00:00,HIGH,content_major,100.0,0.0,,,0.000,,,"--- before (2026-09-27)
+++ after (2026-09-28)
@@ -0,0 +1 @@
+Access Denied Access Denied You don't have permission to access ""http://www.hhs.gov/programs/topic-sites/disability/index.html"" on this server. Reference #18.65c90b17.1790613761.8eb902bb https://errors.edgesuite.net/18.65c90b17.1790613761.8eb902bb",Major content change: 100.0% text altered
308,hhs-section504,HHS Section 504 Civil Rights (Disability),HHS,https://www.hhs.gov/civil-rights/for-individuals/disability/index.html,2026-09-28T16:48:49.016405+00:00,HIGH,http_error,100.0,0.0,,,0.000,,,"--- before (2026-09-27)
+++ after (2026-09-28)
@@ -0,0 +1 @@
+Access Denied Access Denied You don't have permission to access ""http://www.hhs.gov/civil-rights/for-individuals/disability/index.html"" on this server. Reference #18.65c90b17.1790613761.8eb902ca https://errors.edgesuite.net/18.65c90b17.1790613761.8eb902ca",HTTP status changed: 200 → 403
309,hhs-open-data-catalog,HHS Open Data Catalog (data.json),HHS,https://www.hhs.gov/data.json,2026-09-28T16:48:49.017291+00:00,HIGH,content_major,100.0,0.0,,,0.000,,,"--- before (2026-09-27)
+++ after (2026-09-28)
@@ -0,0 +1,10 @@
+<HTML><HEAD>

+<TITLE>Access Denied</TITLE>

+</HEAD><BODY>

+<H1>Access Denied</H1>

+ 

+You don't have permission to access ""http&#58;&#47;&#47;www&#46;hhs&#46;gov&#47;data&#46;json"" on this server.<P>

+Reference&#32;&#35;18&#46;65c90b17&#46;1790613761&#46;8eb902c1

+<P>https&#58;&#47;&#47;errors&#46;edgesuite&#46;net&#47;18&#46;65c90b17&#46;1790613761&#46;8eb902c1</P>

+</BODY>

+</HTML>
",Major content change: 100.0% text altered
310,eeoc-disability-discrimination,EEOC Disability Discrimination,EEOC,https://www.eeoc.gov/disability-discrimination,2026-09-28T16:48:49.018339+00:00,HIGH,gov_redirect,100.0,1.8,,,0.000,,,"--- before (2026-09-27)
+++ after (2026-09-28)
@@ -0,0 +1 @@
+EEOC Disability-Related Resources | U.S. Equal Employment Opportunity Commission Skip to main content Official websites use .gov A .gov website belongs to an official government organization in the United States. Secure .gov websites use HTTPS A lock ( ) or https:// means you’ve safely connected to the .gov website. Share sensitive information only on official, secure websites.",Page now redirects within .gov: https://www.eeoc.gov/eeoc-disability-related-resources
311,cms-dkan-disability-catalog,CMS Open Data Catalog (data.json),CMS,https://data.cms.gov/data.json,2026-09-28T16:48:49.019117+00:00,HIGH,content_major,100.0,0.0,6,6,0.000,,,"--- before (2026-09-27)
+++ after (2026-09-28)
@@ -0,0 +1 @@
+{""@context"":""https:\/\/project-open-data.cio.gov\/v1.1\/schema\/catalog.jsonld"",""@id"":""https:\/\/data.cms.gov\/data.json"",""@type"":""dcat:Catalog"",""conformsTo"":""https:\/\/project-open-data.cio.gov\/v1.1\/schema"",""describedBy"":""https:\/\/project-open-data.cio.gov\/v1.1\/schema\/catalog.json"",""dataset"":[{""@type"":""dcat:Dataset"",""accessLevel"":""public"",""accessRights"":""Open"",""accrualPeriodicity"":""R\/P1Y"",""bureauCode"":[""009:38""],""contactPoint""",Major content change: 100.0% text altered
312,ssa-press-releases,SSA Press Releases RSS Feed,SSA,https://www.ssa.gov/rss/mr.xml,2026-09-29T14:48:31.394308+00:00,HIGH,content_major,100.0,0.0,,,0.000,,,"--- before (2026-09-28)
+++ after (2026-09-29)
@@ -0,0 +1 @@
+Access Denied Access Denied You don't have permission to access ""http://www.ssa.gov/rss/mr.xml"" on this server. Reference #18.efd6d717.1790693253.d62d3233 https://errors.edgesuite.net/18.efd6d717.1790693253.d62d3233",Major content change: 100.0% text altered
313,ssa-public-use-data-index,SSA Public-Use Data Files (DKAN Catalog),SSA,https://www.ssa.gov/data/api/1/metastore/schemas/dataset/items?show-reference-ids,2026-09-29T14:48:31.395007+00:00,HIGH,content_major,100.0,0.0,,,0.000,,,"--- before (2026-09-28)
+++ after (2026-09-29)
@@ -0,0 +1,10 @@
+<HTML><HEAD>

+<TITLE>Access Denied</TITLE>

+</HEAD><BODY>

+<H1>Access Denied</H1>

+ 

+You don't have permission to access ""http&#58;&#47;&#47;www&#46;ssa&#46;gov&#47;data&#47;api&#47;1&#47;metastore&#47;schemas&#47;dataset&#47;items&#63;"" on this server.<P>

+Reference&#32;&#35;18&#46;eed6d717&#46;1790693253&#46;3ddffd5

+<P>https&#58;&#47;&#47;errors&#46;edgesuite&#46;net&#47;18&#46;eed6d717&#46;1790693253&#46;3ddffd5</P>

+<",Major content change: 100.0% text altered
314,ssa-bepuf-2020,SSA Benefits & Earnings Public-Use File 2020 (DKAN),SSA,https://www.ssa.gov/data/api/1/dataset/bepuf-2020,2026-09-29T14:48:31.395589+00:00,HIGH,content_major,100.0,0.5,,,0.000,,,"--- before (2026-09-28)
+++ after (2026-09-29)
@@ -0,0 +1,10 @@
+<HTML><HEAD>

+<TITLE>Access Denied</TITLE>

+</HEAD><BODY>

+<H1>Access Denied</H1>

+ 

+You don't have permission to access ""http&#58;&#47;&#47;www&#46;ssa&#46;gov&#47;data&#47;api&#47;1&#47;dataset&#47;bepuf&#45;2020"" on this server.<P>

+Reference&#32;&#35;18&#46;efd6d717&#46;1790693253&#46;d62d31c4

+<P>https&#58;&#47;&#47;errors&#46;edgesuite&#46;net&#47;18&#46;efd6d717&#46;1790693253&#46;d62d31c4</P>

+</BODY>

+</HTML>
",Major content change: 100.0% text altered
315,ssa-epuf,SSA Earnings Public-Use File (DKAN),SSA,https://www.ssa.gov/data/api/1/dataset/epuf,2026-09-29T14:48:31.396119+00:00,HIGH,content_major,100.0,0.0,,,0.000,,,"--- before (2026-09-28)
+++ after (2026-09-29)
@@ -0,0 +1,10 @@
+<HTML><HEAD>

+<TITLE>Access Denied</TITLE>

+</HEAD><BODY>

+<H1>Access Denied</H1>

+ 

+You don't have permission to access ""http&#58;&#47;&#47;www&#46;ssa&#46;gov&#47;data&#47;api&#47;1&#47;dataset&#47;epuf"" on this server.<P>

+Reference&#32;&#35;18&#46;efd6d717&#46;1790693253&#46;d62d31d9

+<P>https&#58;&#47;&#47;errors&#46;edgesuite&#46;net&#47;18&#46;efd6d717&#46;1790693253&#46;d62d31d9</P>

+</BODY>

+</HTML>
",Major content change: 100.0% text altered
316,ssa-ssi-microdata,SSA SSI Public-Use Microdata File (DKAN),SSA,https://www.ssa.gov/data/api/1/dataset/ssr,2026-09-29T14:48:31.396683+00:00,HIGH,content_major,100.0,0.5,,,0.000,,,"--- before (2026-09-28)
+++ after (2026-09-29)
@@ -0,0 +1,10 @@
+<HTML><HEAD>

+<TITLE>Access Denied</TITLE>

+</HEAD><BODY>

+<H1>Access Denied</H1>

+ 

+You don't have permission to access ""http&#58;&#47;&#47;www&#46;ssa&#46;gov&#47;data&#47;api&#47;1&#47;dataset&#47;ssr"" on this server.<P>

+Reference&#32;&#35;18&#46;efd6d717&#46;1790693253&#46;d62d31bb

+<P>https&#58;&#47;&#47;errors&#46;edgesuite&#46;net&#47;18&#46;efd6d717&#46;1790693253&#46;d62d31bb</P>

+</BODY>

+</HTML>
",Major content change: 100.0% text altered
317,ssa-disability-insurance-stats,SSA SSDI Annual Statistical Report (DKAN),SSA,https://www.ssa.gov/data/api/1/dataset/di_asr,2026-09-29T14:48:31.397226+00:00,HIGH,content_major,100.0,0.0,,,0.000,,,"--- before (2026-09-28)
+++ after (2026-09-29)
@@ -0,0 +1,10 @@
+<HTML><HEAD>

+<TITLE>Access Denied</TITLE>

+</HEAD><BODY>

+<H1>Access Denied</H1>

+ 

+You don't have permission to access ""http&#58;&#47;&#47;www&#46;ssa&#46;gov&#47;data&#47;api&#47;1&#47;dataset&#47;di&#95;asr"" on this server.<P>

+Reference&#32;&#35;18&#46;efd6d717&#46;1790693253&#46;d62d327c

+<P>https&#58;&#47;&#47;errors&#46;edgesuite&#46;net&#47;18&#46;efd6d717&#46;1790693253&#46;d62d327c</P>

+</BODY>

+</HTML>
",Major content change: 100.0% text altered
318,ssa-ssi-annual-stats,SSA SSI Annual Statistical Report (DKAN),SSA,https://www.ssa.gov/data/api/1/dataset/ssi_asr,2026-09-29T14:48:31.397730+00:00,HIGH,content_major,100.0,0.5,,,0.000,,,"--- before (2026-09-28)
+++ after (2026-09-29)
@@ -0,0 +1,10 @@
+<HTML><HEAD>

+<TITLE>Access Denied</TITLE>

+</HEAD><BODY>

+<H1>Access Denied</H1>

+ 

+You don't have permission to access ""http&#58;&#47;&#47;www&#46;ssa&#46;gov&#47;data&#47;api&#47;1&#47;dataset&#47;ssi&#95;asr"" on this server.<P>

+Reference&#32;&#35;18&#46;efd6d717&#46;1790693253&#46;d62d328a

+<P>https&#58;&#47;&#47;errors&#46;edgesuite&#46;net&#47;18&#46;efd6d717&#46;1790693253&#46;d62d328a</P>

+</BODY>

+</HTML>
",Major content change: 100.0% text altered
319,ssa-open-data-catalog,SSA Open Data Catalog (DKAN API),SSA,https://www.ssa.gov/data/api/1/metastore/schemas/dataset/items?show-reference-ids,2026-09-29T14:48:31.398283+00:00,HIGH,content_major,100.0,0.0,,,0.000,,,"--- before (2026-09-28)
+++ after (2026-09-29)
@@ -0,0 +1,10 @@
+<HTML><HEAD>

+<TITLE>Access Denied</TITLE>

+</HEAD><BODY>

+<H1>Access Denied</H1>

+ 

+You don't have permission to access ""http&#58;&#47;&#47;www&#46;ssa&#46;gov&#47;data&#47;api&#47;1&#47;metastore&#47;schemas&#47;dataset&#47;items&#63;"" on this server.<P>

+Reference&#32;&#35;18&#46;eed6d717&#46;1790693253&#46;3de0078

+<P>https&#58;&#47;&#47;errors&#46;edgesuite&#46;net&#47;18&#46;eed6d717&#46;1790693253&#46;3de0078</P>

+<",Major content change: 100.0% text altered
320,ssa-disability-benefits,SSA Sitemap (proxy for page availability),SSA,https://www.ssa.gov/sitemap.xml,2026-09-29T14:48:36.447283+00:00,HIGH,http_error,100.0,0.0,,,0.000,,,"--- before (2026-09-28)
+++ after (2026-09-29)
@@ -0,0 +1 @@
+Access Denied Access Denied You don't have permission to access ""http://www.ssa.gov/sitemap.xml"" on this server. Reference #18.efd6d717.1790693253.d62d32dd https://errors.edgesuite.net/18.efd6d717.1790693253.d62d32dd",HTTP status changed: 200 → 403
321,ssa-bluebook-listings,SSA Blue Book Listing of Impairments,SSA,https://www.ssa.gov/disability/professionals/bluebook/listing-impairments.htm,2026-09-29T14:48:41.495322+00:00,HIGH,http_error,100.0,0.0,,,0.000,,,"--- before (2026-09-28)
+++ after (2026-09-29)
@@ -0,0 +1 @@
+Access Denied Access Denied You don't have permission to access ""http://www.ssa.gov/disability/professionals/bluebook/listing-impairments.htm"" on this server. Reference #18.eed6d717.1790693253.3de00a3 https://errors.edgesuite.net/18.eed6d717.1790693253.3de00a3",HTTP status changed: 200 → 403
322,cdc-soda-disability-catalog,CDC Open Data — Disability Dataset Catalog (SODA API),CDC,https://data.cdc.gov/api/views/metadata/v1?limit=100&searchContext=disability,2026-09-29T14:48:41.497065+00:00,HIGH,content_major,100.0,0.9,100,100,0.000,,,"--- before (2026-09-28)
+++ after (2026-09-29)
@@ -0,0 +1,1808 @@
+[ {

+  ""id"" : ""wxxp-vsvi"",

+  ""name"" : ""DRAFT_PRIVATE_TEST"",

+  ""attribution"" : null,

+  ""attributionLink"" : null,

+  ""category"" : null,

+  ""createdAt"" : ""2026-09-18T19:16:29+0000"",

+  ""dataUpdatedAt"" : ""2026-09-29T02:36:17+0000"",

+  ""dataUri"" : ""https://data.cdc.gov/resource/wxxp-vsvi"",

+  ""description"" : null,

+  ""domain"" : ""data.cdc.gov"",

+  ""externalId"" : null,

+  ""hideFromCatalog"" : false,

+  ""hideFromDataJson"" ",Major content change: 100.0% text altered
323,census-disability-tables,Census Bureau Disability Data Tables,Census,https://www.census.gov/topics/health/disability/data/tables.html,2026-09-29T14:48:41.500098+00:00,HIGH,content_major,100.0,0.2,,,0.000,,,"--- before (2026-09-28)
+++ after (2026-09-29)
@@ -0,0 +1 @@
+Disability Data Tables Disability Data Tables Skip Navigation Within Data Disability Data Tables Tables containing disability estimates from the American Community Survey (ACS) are available on data.census.gov . Many Tables available on www.census.gov are downloadable in XLS, CSV, and PDF file formats. Tables available in data.census.gov can be bookmarked/saved, printed and downloaded. The sources of the data published on census.gov a",Major content change: 100.0% text altered
324,census-disability-topic,Census Bureau Disability Topic Page,Census,https://www.census.gov/topics/health/disability.html,2026-09-29T14:48:41.500696+00:00,HIGH,content_major,100.0,0.0,,,0.000,,,"--- before (2026-09-28)
+++ after (2026-09-29)
@@ -0,0 +1 @@
+Disability Disability Skip Navigation Within Disability Disability The Census Bureau collects data on disability primarily through the American Community Survey (ACS) and the Survey of Income and Program Participation (SIPP). Featured Guidance for Disability Data Users Learn about subjects covered by the data and which data tool to use. Find out about handbooks, data users groups, and related topics. Disability Library Online collecti",Major content change: 100.0% text altered
325,census-sipp-disability,Census SIPP Datasets,Census,https://www.census.gov/programs-surveys/sipp/data/datasets.html,2026-09-29T14:48:41.501464+00:00,HIGH,content_major,100.0,0.0,64,64,0.000,,,"--- before (2026-09-28)
+++ after (2026-09-29)
@@ -0,0 +1 @@
+Survey of Income and Program Participation Datasets Survey of Income and Program Participation Datasets Skip Navigation Within Data Survey of Income and Program Participation Datasets Access SIPP data by year (2018-2025) or panel/wave (1984-2014) in the tabbed lists below. For SIPP data related questions, please visit the Contact Us page. 2025 2024 2023 2022 2021 More 2020 2019 2018 2014 2008 2004 2001 1996 1993 1992 1991 1990 1989 19",Major content change: 100.0% text altered
326,nichd-disability-research,NICHD Disability Research (tombstone — 404 as of 2026-03),NIH,https://www.nichd.nih.gov/research/supported/disability,2026-09-29T14:48:41.501998+00:00,CRITICAL,http_error,0.0,0.0,,,0.000,,,"--- before (2026-09-28)
+++ after (2026-09-29)
@@ -0,0 +1 @@
+Page Not Found | NICHD - Eunice Kennedy Shriver National Institute of Child Health and Human Development Skip to main content NIH Websites Are Changing NIH is moving the launch of its new website to the fall to ensure the best possible experience for everyone who relies on our websites for health information, research, funding opportunities, and other resources. Get the Latest Updates and FAQs Breadcrumb Share Instagram Print Page Not",HTTP 404 — page removed or inaccessible
327,nichd-research-programs,NICHD Research Programs,NIH,https://www.nichd.nih.gov/research/supported,2026-09-29T14:48:42.017477+00:00,CRITICAL,http_error,0.0,0.0,822,822,0.000,,,"--- before (2026-09-28)
+++ after (2026-09-29)
@@ -0,0 +1 @@
+Page Not Found | NICHD - Eunice Kennedy Shriver National Institute of Child Health and Human Development Skip to main content NIH Websites Are Changing NIH is moving the launch of its new website to the fall to ensure the best possible experience for everyone who relies on our websites for health information, research, funding opportunities, and other resources. Get the Latest Updates and FAQs Breadcrumb Share Instagram Print Page Not",HTTP 404 — page removed or inaccessible
328,nih-nidcd-data,NIH NIDCD Hearing/Disability Quick Statistics,NIH,https://www.nidcd.nih.gov/health/statistics/quick-statistics-hearing,2026-09-29T14:48:48.452864+00:00,HIGH,content_major,100.0,0.0,,,0.000,,,"--- before (2026-09-28)
+++ after (2026-09-29)
@@ -0,0 +1 @@
+Quick Statistics About Hearing, Balance, & Dizziness | NIDCD Skip to main content Official websites use .gov A .gov website belongs to an official government organization in the United States. Secure .gov websites use HTTPS A lock ( ) or https:// means you've safely connected to the .gov website. Share sensitive information only on official, secure websites. NIH Websites Are Changing NIH is moving the launch of its new website to the ",Major content change: 100.0% text altered
329,acl-data-research,ACL Aging and Disability Data and Research,ACL,https://acl.gov/aging-and-disability-in-america/data-and-research,2026-09-29T14:48:48.453753+00:00,HIGH,content_major,100.0,0.0,,,0.000,,,"--- before (2026-09-28)
+++ after (2026-09-29)
@@ -0,0 +1 @@
+Data and Research | ACL Administration for Community Living Skip to main content Official websites use .gov A .gov website belongs to an official government organization in the United States. Secure .gov websites use HTTPS A lock ( ) or https:// means you’ve safely connected to the .gov website. Share sensitive information only on official, secure websites. Find Help Announcements A - Z Browse Search MENU Menu × Home Data, Research & ",Major content change: 100.0% text altered
330,acl-programs,ACL Programs Directory,ACL,https://acl.gov/programs,2026-09-29T14:48:48.454384+00:00,HIGH,content_major,100.0,0.0,264,264,0.000,,,"--- before (2026-09-28)
+++ after (2026-09-29)
@@ -0,0 +1 @@
+Program and Policy Areas | ACL Administration for Community Living Skip to main content Official websites use .gov A .gov website belongs to an official government organization in the United States. Secure .gov websites use HTTPS A lock ( ) or https:// means you’ve safely connected to the .gov website. Share sensitive information only on official, secure websites. Find Help Announcements A - Z Browse Search MENU Menu × Home Program an",Major content change: 100.0% text altered
331,nci-data-portal,National Core Indicators Data Files,ACL,https://www.nationalcoreindicators.org/resources/data/,2026-09-29T14:48:48.455093+00:00,CRITICAL,external_redirect,0.0,0.0,84,84,0.000,,,"--- before (2026-09-28)
+++ after (2026-09-29)
@@ -0,0 +1 @@
+Resources | National Core Indicators National Core Indicators State Login Login » Username Password Forgot Password Old Homepage About Overview Indicators Mission History Staff NCI States Alabama Alaska Arizona Arkansas California Colorado Connecticut Delaware Florida Georgia Hawaii Idaho Illinois Indiana Kansas Kentucky Louisiana Maine Maryland Massachusetts Michigan Minnesota Mississippi Missouri Montana Nebraska Nevada New Hampshir",Redirected to non-.gov: https://legacy.nationalcoreindicators.org/resources/data
332,acl-home,ACL Homepage,ACL,https://acl.gov/,2026-09-29T14:48:54.885788+00:00,HIGH,content_major,100.0,0.1,,,0.000,,,"--- before (2026-09-28)
+++ after (2026-09-29)
@@ -0,0 +1 @@
+Home Page | ACL Administration for Community Living Skip to main content Official websites use .gov A .gov website belongs to an official government organization in the United States. Secure .gov websites use HTTPS A lock ( ) or https:// means you’ve safely connected to the .gov website. Share sensitive information only on official, secure websites. Find Help Announcements A - Z Browse Search MENU Menu × Advancing Community Living for",Major content change: 100.0% text altered
333,dol-odep-statistics,DOL ODEP Disability Statistics,DOL,https://www.dol.gov/agencies/odep/research-evaluation/statistics,2026-09-29T14:48:54.886469+00:00,HIGH,content_major,100.0,0.0,,,0.000,,,"--- before (2026-09-28)
+++ after (2026-09-29)
@@ -0,0 +1 @@
+Disability Employment Statistics | U.S. Department of Labor Skip to main content",Major content change: 100.0% text altered
334,bls-disability-release-toc,BLS Disability Employment News Release (TOC),BLS,https://www.bls.gov/news.release/disabl.toc.htm,2026-09-29T14:49:00.015270+00:00,HIGH,content_major,100.0,0.0,,,0.000,,,"--- before (2026-09-28)
+++ after (2026-09-29)
@@ -0,0 +1 @@
+Access Denied Bureau of Labor Statistics Access Denied The BLS is committed to providing data promptly and according to established schedules. Automated retrieval programs (commonly called ""robots"" or ""bots"") can cause delays and interfere with other customers' timely access to information. Therefore, bot activity that doesn't conform to BLS usage policy is prohibited. We apologize for any inconvenience. If you believe we have made an",Major content change: 100.0% text altered
335,bls-disability-data-tables,BLS Disability Employment Data Tables,BLS,https://www.bls.gov/news.release/disabl.nr0.htm,2026-09-29T14:50:00.035385+00:00,HIGH,content_major,100.0,0.0,,,0.000,,,"--- before (2026-09-28)
+++ after (2026-09-29)
@@ -0,0 +1 @@
+Access Denied Bureau of Labor Statistics Access Denied The BLS is committed to providing data promptly and according to established schedules. Automated retrieval programs (commonly called ""robots"" or ""bots"") can cause delays and interfere with other customers' timely access to information. Therefore, bot activity that doesn't conform to BLS usage policy is prohibited. We apologize for any inconvenience. If you believe we have made an",Major content change: 100.0% text altered
336,bls-disability-flat-files,BLS Employment Level — With Disability (CPS Series LNU02074593),BLS,https://api.bls.gov/publicAPI/v2/timeseries/data/LNU02074593?startyear=2023&endyear=2025,2026-09-29T14:50:00.036000+00:00,HIGH,content_major,100.0,0.0,4,4,0.000,,,"--- before (2026-09-28)
+++ after (2026-09-29)
@@ -0,0 +1,4 @@
+{""status"":""REQUEST_SUCCEEDED"",""responseTime"":67,""message"":[],""Results"":{

+""series"":

+[{""seriesID"":""LNU02074593"",""data"":[{""year"":""2025"",""period"":""M12"",""periodName"":""December"",""value"":""155260"",""footnotes"":[{}]},{""year"":""2025"",""period"":""M11"",""periodName"":""November"",""value"":""155143"",""footnotes"":[{}]},{""year"":""2025"",""period"":""M10"",""periodName"":""October"",""value"":""-"",""footnotes"":[{""code"":""9"",""text"":""Data unavailable due to the 2025 lapse",Major content change: 100.0% text altered
337,askjan-home,Job Accommodation Network Homepage,JAN,https://askjan.org/,2026-09-29T14:50:00.036576+00:00,HIGH,content_major,100.0,0.0,,,0.000,,,"--- before (2026-09-28)
+++ after (2026-09-29)
@@ -0,0 +1 @@
+JAN - Job Accommodation Network Skip to main navigation Skip to search Skip to content Open Search Close Search Search the site: Click to Search Contact Open Close Employers Individuals Toolkit A to Z Situations & Solutions Finder MyJAN Publications Training About JAN Search the site: Search Information By Role Toolkit A to Z of Disabilities & Accommodations ADA Library Situations & Solutions Finder MyJAN Publications Training About J",Major content change: 100.0% text altered
338,askjan-a-to-z,JAN A-to-Z Disability Index,JAN,https://askjan.org/a-to-z.cfm,2026-09-29T14:50:00.037368+00:00,HIGH,content_major,100.0,0.0,,,0.000,,,"--- before (2026-09-28)
+++ after (2026-09-29)
@@ -0,0 +1 @@
+A to Z of Disabilities and Accommodations Close Menu Close A to Z of Disabilities and Accommodations home If you are looking for information on job accommodations, the Americans with Disabilities Act or Rehabilitation Act, or topics related to disability employment, see the listings below for various topics covered by JAN. JAN provides the following A to Z listings by disability, topic, and limitation. This information is designed to ",Major content change: 100.0% text altered
339,ofccp-section503,OFCCP Section 503 Disability Page,DOL,https://www.dol.gov/agencies/ofccp/disability,2026-09-29T14:50:00.038222+00:00,CRITICAL,http_error,0.0,0.0,,,0.000,,,"--- before (2026-09-28)
+++ after (2026-09-29)
@@ -0,0 +1 @@
+Page Not Found | U.S. Department of Labor Skip to main content",HTTP 404 — page removed or inaccessible
340,ed-idea-data,IDEA Data Center,ED,https://sites.ed.gov/idea/data/,2026-09-29T14:50:00.419480+00:00,HIGH,content_major,100.0,0.8,,,0.000,,,"--- before (2026-09-28)
+++ after (2026-09-29)
@@ -0,0 +1 @@
+Azure WAF",Major content change: 100.0% text altered
341,ed-special-ed-childcount,IDEA Child Count and Educational Environments,ED,https://sites.ed.gov/idea/data/child-count-and-educational-environments/,2026-09-29T14:50:00.420068+00:00,HIGH,content_major,100.0,0.2,,,0.000,,,"--- before (2026-09-28)
+++ after (2026-09-29)
@@ -0,0 +1 @@
+Azure WAF",Major content change: 100.0% text altered
342,ed-disability-page,ED Office of Special Education Programs,ED,https://www.ed.gov/about/offices/list/osers/osep/index.html,2026-09-29T14:50:00.420590+00:00,HIGH,content_major,100.0,0.3,,,0.000,,,"--- before (2026-09-28)
+++ after (2026-09-29)
@@ -0,0 +1 @@
+Azure WAF",Major content change: 100.0% text altered
343,hhs-disability-page,HHS Disability Topic Page,HHS,https://www.hhs.gov/programs/topic-sites/disability/index.html,2026-09-29T14:50:05.520045+00:00,HIGH,content_major,100.0,0.0,,,0.000,,,"--- before (2026-09-28)
+++ after (2026-09-29)
@@ -0,0 +1 @@
+Access Denied Access Denied You don't have permission to access ""http://www.hhs.gov/programs/topic-sites/disability/index.html"" on this server. Reference #18.f2623017.1790693258.4f53774f https://errors.edgesuite.net/18.f2623017.1790693258.4f53774f",Major content change: 100.0% text altered
344,hhs-section504,HHS Section 504 Civil Rights (Disability),HHS,https://www.hhs.gov/civil-rights/for-individuals/disability/index.html,2026-09-29T14:50:10.569984+00:00,HIGH,content_major,100.0,0.0,,,0.000,,,"--- before (2026-09-28)
+++ after (2026-09-29)
@@ -0,0 +1 @@
+Access Denied Access Denied You don't have permission to access ""http://www.hhs.gov/civil-rights/for-individuals/disability/index.html"" on this server. Reference #18.f2623017.1790693258.4f5379c9 https://errors.edgesuite.net/18.f2623017.1790693258.4f5379c9",Major content change: 100.0% text altered
345,hhs-open-data-catalog,HHS Open Data Catalog (data.json),HHS,https://www.hhs.gov/data.json,2026-09-29T14:50:10.570580+00:00,HIGH,content_major,100.0,0.0,,,0.000,,,"--- before (2026-09-28)
+++ after (2026-09-29)
@@ -0,0 +1,10 @@
+<HTML><HEAD>

+<TITLE>Access Denied</TITLE>

+</HEAD><BODY>

+<H1>Access Denied</H1>

+ 

+You don't have permission to access ""http&#58;&#47;&#47;www&#46;hhs&#46;gov&#47;data&#46;json"" on this server.<P>

+Reference&#32;&#35;18&#46;f2623017&#46;1790693258&#46;4f5379aa

+<P>https&#58;&#47;&#47;errors&#46;edgesuite&#46;net&#47;18&#46;f2623017&#46;1790693258&#46;4f5379aa</P>

+</BODY>

+</HTML>
",Major content change: 100.0% text altered
346,gsa-section508,Section508.gov (GSA IT Accessibility Program),GSA,https://www.section508.gov/,2026-09-29T14:50:10.571032+00:00,HIGH,content_major,100.0,0.0,,,0.000,,,"--- before (2026-09-28)
+++ after (2026-09-29)
@@ -0,0 +1 @@
+Home | Section508.gov Skip to main content Official websites use .gov A .gov website belongs to an official government organization in the United States. Secure .gov websites use HTTPS A lock ( ) or https:// means you’ve safely connected to the .gov website. Share sensitive information only on official, secure websites. ˄ Top Section 508 of the Rehabilitation Act Check your solicitation for Section 508 compliance Explore the updated S",Major content change: 100.0% text altered
347,eeoc-disability-discrimination,EEOC Disability Discrimination,EEOC,https://www.eeoc.gov/disability-discrimination,2026-09-29T14:50:10.571663+00:00,HIGH,gov_redirect,100.0,1.8,,,0.000,,,"--- before (2026-09-28)
+++ after (2026-09-29)
@@ -0,0 +1 @@
+EEOC Disability-Related Resources | U.S. Equal Employment Opportunity Commission Skip to main content Official websites use .gov A .gov website belongs to an official government organization in the United States. Secure .gov websites use HTTPS A lock ( ) or https:// means you’ve safely connected to the .gov website. Share sensitive information only on official, secure websites.",Page now redirects within .gov: https://www.eeoc.gov/eeoc-disability-related-resources
348,cms-dkan-disability-catalog,CMS Open Data Catalog (data.json),CMS,https://data.cms.gov/data.json,2026-09-29T14:50:10.572302+00:00,HIGH,content_major,100.0,0.1,6,6,0.000,,,"--- before (2026-09-28)
+++ after (2026-09-29)
@@ -0,0 +1 @@
+{""@context"":""https:\/\/project-open-data.cio.gov\/v1.1\/schema\/catalog.jsonld"",""@id"":""https:\/\/data.cms.gov\/data.json"",""@type"":""dcat:Catalog"",""conformsTo"":""https:\/\/project-open-data.cio.gov\/v1.1\/schema"",""describedBy"":""https:\/\/project-open-data.cio.gov\/v1.1\/schema\/catalog.json"",""dataset"":[{""@type"":""dcat:Dataset"",""accessLevel"":""public"",""accessRights"":""Open"",""accrualPeriodicity"":""R\/P1Y"",""bureauCode"":[""009:38""],""contactPoint""",Major content change: 100.0% text altered
349,ssa-press-releases,SSA Press Releases RSS Feed,SSA,https://www.ssa.gov/rss/mr.xml,2026-09-30T14:52:06.347263+00:00,HIGH,content_major,100.0,1.0,,,0.000,,,"--- before (2026-09-29)
+++ after (2026-09-30)
@@ -0,0 +1 @@
+Access Denied Access Denied You don't have permission to access ""http://www.ssa.gov/rss/mr.xml"" on this server. Reference #18.cb6bdc17.1790779856.1a86c4 https://errors.edgesuite.net/18.cb6bdc17.1790779856.1a86c4",Major content change: 100.0% text altered
350,ssa-public-use-data-index,SSA Public-Use Data Files (DKAN Catalog),SSA,https://www.ssa.gov/data/api/1/metastore/schemas/dataset/items?show-reference-ids,2026-09-30T14:52:06.347907+00:00,HIGH,content_major,100.0,0.5,,,0.000,,,"--- before (2026-09-29)
+++ after (2026-09-30)
@@ -0,0 +1,10 @@
+<HTML><HEAD>

+<TITLE>Access Denied</TITLE>

+</HEAD><BODY>

+<H1>Access Denied</H1>

+ 

+You don't have permission to access ""http&#58;&#47;&#47;www&#46;ssa&#46;gov&#47;data&#47;api&#47;1&#47;metastore&#47;schemas&#47;dataset&#47;items&#63;"" on this server.<P>

+Reference&#32;&#35;18&#46;cb6bdc17&#46;1790779856&#46;1a86aa

+<P>https&#58;&#47;&#47;errors&#46;edgesuite&#46;net&#47;18&#46;cb6bdc17&#46;1790779856&#46;1a86aa</P>

+</B",Major content change: 100.0% text altered
351,ssa-bepuf-2020,SSA Benefits & Earnings Public-Use File 2020 (DKAN),SSA,https://www.ssa.gov/data/api/1/dataset/bepuf-2020,2026-09-30T14:52:06.348494+00:00,HIGH,content_major,100.0,1.0,,,0.000,,,"--- before (2026-09-29)
+++ after (2026-09-30)
@@ -0,0 +1,10 @@
+<HTML><HEAD>

+<TITLE>Access Denied</TITLE>

+</HEAD><BODY>

+<H1>Access Denied</H1>

+ 

+You don't have permission to access ""http&#58;&#47;&#47;www&#46;ssa&#46;gov&#47;data&#47;api&#47;1&#47;dataset&#47;bepuf&#45;2020"" on this server.<P>

+Reference&#32;&#35;18&#46;cb6bdc17&#46;1790779856&#46;1a86a7

+<P>https&#58;&#47;&#47;errors&#46;edgesuite&#46;net&#47;18&#46;cb6bdc17&#46;1790779856&#46;1a86a7</P>

+</BODY>

+</HTML>
",Major content change: 100.0% text altered
352,ssa-epuf,SSA Earnings Public-Use File (DKAN),SSA,https://www.ssa.gov/data/api/1/dataset/epuf,2026-09-30T14:52:06.349032+00:00,HIGH,content_major,100.0,0.5,,,0.000,,,"--- before (2026-09-29)
+++ after (2026-09-30)
@@ -0,0 +1,10 @@
+<HTML><HEAD>

+<TITLE>Access Denied</TITLE>

+</HEAD><BODY>

+<H1>Access Denied</H1>

+ 

+You don't have permission to access ""http&#58;&#47;&#47;www&#46;ssa&#46;gov&#47;data&#47;api&#47;1&#47;dataset&#47;epuf"" on this server.<P>

+Reference&#32;&#35;18&#46;d76bdc17&#46;1790779856&#46;35d8b55

+<P>https&#58;&#47;&#47;errors&#46;edgesuite&#46;net&#47;18&#46;d76bdc17&#46;1790779856&#46;35d8b55</P>

+</BODY>

+</HTML>
",Major content change: 100.0% text altered
353,ssa-ssi-microdata,SSA SSI Public-Use Microdata File (DKAN),SSA,https://www.ssa.gov/data/api/1/dataset/ssr,2026-09-30T14:52:06.349597+00:00,HIGH,content_major,100.0,0.5,,,0.000,,,"--- before (2026-09-29)
+++ after (2026-09-30)
@@ -0,0 +1,10 @@
+<HTML><HEAD>

+<TITLE>Access Denied</TITLE>

+</HEAD><BODY>

+<H1>Access Denied</H1>

+ 

+You don't have permission to access ""http&#58;&#47;&#47;www&#46;ssa&#46;gov&#47;data&#47;api&#47;1&#47;dataset&#47;ssr"" on this server.<P>

+Reference&#32;&#35;18&#46;d76bdc17&#46;1790779856&#46;35d8b10

+<P>https&#58;&#47;&#47;errors&#46;edgesuite&#46;net&#47;18&#46;d76bdc17&#46;1790779856&#46;35d8b10</P>

+</BODY>

+</HTML>
",Major content change: 100.0% text altered
354,ssa-disability-insurance-stats,SSA SSDI Annual Statistical Report (DKAN),SSA,https://www.ssa.gov/data/api/1/dataset/di_asr,2026-09-30T14:52:06.350131+00:00,HIGH,content_major,100.0,1.0,,,0.000,,,"--- before (2026-09-29)
+++ after (2026-09-30)
@@ -0,0 +1,10 @@
+<HTML><HEAD>

+<TITLE>Access Denied</TITLE>

+</HEAD><BODY>

+<H1>Access Denied</H1>

+ 

+You don't have permission to access ""http&#58;&#47;&#47;www&#46;ssa&#46;gov&#47;data&#47;api&#47;1&#47;dataset&#47;di&#95;asr"" on this server.<P>

+Reference&#32;&#35;18&#46;cb6bdc17&#46;1790779856&#46;1a86cb

+<P>https&#58;&#47;&#47;errors&#46;edgesuite&#46;net&#47;18&#46;cb6bdc17&#46;1790779856&#46;1a86cb</P>

+</BODY>

+</HTML>
",Major content change: 100.0% text altered
355,ssa-ssi-annual-stats,SSA SSI Annual Statistical Report (DKAN),SSA,https://www.ssa.gov/data/api/1/dataset/ssi_asr,2026-09-30T14:52:06.350661+00:00,HIGH,content_major,100.0,0.5,,,0.000,,,"--- before (2026-09-29)
+++ after (2026-09-30)
@@ -0,0 +1,10 @@
+<HTML><HEAD>

+<TITLE>Access Denied</TITLE>

+</HEAD><BODY>

+<H1>Access Denied</H1>

+ 

+You don't have permission to access ""http&#58;&#47;&#47;www&#46;ssa&#46;gov&#47;data&#47;api&#47;1&#47;dataset&#47;ssi&#95;asr"" on this server.<P>

+Reference&#32;&#35;18&#46;d76bdc17&#46;1790779856&#46;35d8b34

+<P>https&#58;&#47;&#47;errors&#46;edgesuite&#46;net&#47;18&#46;d76bdc17&#46;1790779856&#46;35d8b34</P>

+</BODY>

+</HTML>
",Major content change: 100.0% text altered
356,ssa-open-data-catalog,SSA Open Data Catalog (DKAN API),SSA,https://www.ssa.gov/data/api/1/metastore/schemas/dataset/items?show-reference-ids,2026-09-30T14:52:06.351207+00:00,HIGH,content_major,100.0,0.5,,,0.000,,,"--- before (2026-09-29)
+++ after (2026-09-30)
@@ -0,0 +1,10 @@
+<HTML><HEAD>

+<TITLE>Access Denied</TITLE>

+</HEAD><BODY>

+<H1>Access Denied</H1>

+ 

+You don't have permission to access ""http&#58;&#47;&#47;www&#46;ssa&#46;gov&#47;data&#47;api&#47;1&#47;metastore&#47;schemas&#47;dataset&#47;items&#63;"" on this server.<P>

+Reference&#32;&#35;18&#46;cb6bdc17&#46;1790779856&#46;1a86ec

+<P>https&#58;&#47;&#47;errors&#46;edgesuite&#46;net&#47;18&#46;cb6bdc17&#46;1790779856&#46;1a86ec</P>

+</B",Major content change: 100.0% text altered
357,ssa-disability-benefits,SSA Sitemap (proxy for page availability),SSA,https://www.ssa.gov/sitemap.xml,2026-09-30T14:52:08.715220+00:00,HIGH,content_major,100.0,1.1,,,0.000,,,"--- before (2026-09-29)
+++ after (2026-09-30)
@@ -0,0 +1 @@
+[CDX proxy] digest= ts=20081018142859",Major content change: 100.0% text altered
358,ssa-bluebook-listings,SSA Blue Book Listing of Impairments,SSA,https://www.ssa.gov/disability/professionals/bluebook/listing-impairments.htm,2026-09-30T14:52:15.998137+00:00,HIGH,content_major,100.0,0.0,,,0.000,,,"--- before (2026-09-29)
+++ after (2026-09-30)
@@ -0,0 +1 @@
+[CDX proxy] digest= ts=20030608115407",Major content change: 100.0% text altered
359,cdc-ncbddd-home,CDC NCBDDD Home,CDC,https://www.cdc.gov/ncbddd/,2026-09-30T14:52:15.998834+00:00,HIGH,content_major,100.0,2.0,,,0.000,,,"--- before (2026-09-29)
+++ after (2026-09-30)
@@ -0,0 +1 @@
+National Center on Birth Defects and Developmental Disabilities (NCBDDD) | CDC Skip directly to site content Skip directly to search An official website of the United States government Here's how you know Official websites use .gov A .gov website belongs to an official government organization in the United States. Secure .gov websites use HTTPS A lock ( ) or https:// means you've safely connected to the .gov website. Share sensitive i",Major content change: 100.0% text altered
360,cdc-soda-disability-catalog,CDC Open Data — Disability Dataset Catalog (SODA API),CDC,https://data.cdc.gov/api/views/metadata/v1?limit=100&searchContext=disability,2026-09-30T14:52:16.000590+00:00,HIGH,content_major,100.0,0.0,100,100,0.000,,,"--- before (2026-09-29)
+++ after (2026-09-30)
@@ -0,0 +1,1808 @@
+[ {

+  ""id"" : ""wxxp-vsvi"",

+  ""name"" : ""DRAFT_PRIVATE_TEST"",

+  ""attribution"" : null,

+  ""attributionLink"" : null,

+  ""category"" : null,

+  ""createdAt"" : ""2026-09-18T19:16:29+0000"",

+  ""dataUpdatedAt"" : ""2026-09-29T02:36:17+0000"",

+  ""dataUri"" : ""https://data.cdc.gov/resource/wxxp-vsvi"",

+  ""description"" : null,

+  ""domain"" : ""data.cdc.gov"",

+  ""externalId"" : null,

+  ""hideFromCatalog"" : false,

+  ""hideFromDataJson"" ",Major content change: 100.0% text altered
361,cdc-wonder-home,CDC WONDER Query Interface,CDC,https://wonder.cdc.gov/,2026-09-30T14:52:16.003452+00:00,HIGH,content_major,100.0,0.0,,,0.000,,,"--- before (2026-09-29)
+++ after (2026-09-30)
@@ -0,0 +1 @@
+CDC WONDER Skip directly to site content Skip directly to page options Skip directly to A-Z link Skip directly to A-Z link Skip directly to A-Z link An official website of the United States government Here's how you know Official websites use .gov A .gov website belongs to an official government organization in the United States. Secure .gov websites use HTTPS A lock ( ) or https:// means you've safely connected to the .gov website. S",Major content change: 100.0% text altered
362,census-disability-tables,Census Bureau Disability Data Tables,Census,https://www.census.gov/topics/health/disability/data/tables.html,2026-09-30T14:52:16.004114+00:00,HIGH,content_major,100.0,0.0,,,0.000,,,"--- before (2026-09-29)
+++ after (2026-09-30)
@@ -0,0 +1 @@
+Disability Data Tables Disability Data Tables Skip Navigation Within Data Disability Data Tables Tables containing disability estimates from the American Community Survey (ACS) are available on data.census.gov . Many Tables available on www.census.gov are downloadable in XLS, CSV, and PDF file formats. Tables available in data.census.gov can be bookmarked/saved, printed and downloaded. The sources of the data published on census.gov a",Major content change: 100.0% text altered
363,census-disability-topic,Census Bureau Disability Topic Page,Census,https://www.census.gov/topics/health/disability.html,2026-09-30T14:52:16.004673+00:00,HIGH,content_major,100.0,0.2,,,0.000,,,"--- before (2026-09-29)
+++ after (2026-09-30)
@@ -0,0 +1 @@
+Disability Disability Skip Navigation Within Disability Disability The Census Bureau collects data on disability primarily through the American Community Survey (ACS) and the Survey of Income and Program Participation (SIPP). Featured Guidance for Disability Data Users Learn about subjects covered by the data and which data tool to use. Find out about handbooks, data users groups, and related topics. Disability Library Online collecti",Major content change: 100.0% text altered
364,census-sipp-disability,Census SIPP Datasets,Census,https://www.census.gov/programs-surveys/sipp/data/datasets.html,2026-09-30T14:52:16.005441+00:00,HIGH,content_major,100.0,2.1,64,64,0.000,,,"--- before (2026-09-29)
+++ after (2026-09-30)
@@ -0,0 +1 @@
+Survey of Income and Program Participation Datasets Survey of Income and Program Participation Datasets Skip Navigation Within Data Survey of Income and Program Participation Datasets Access SIPP data by year (2018-2025) or panel/wave (1984-2014) in the tabbed lists below. For SIPP data related questions, please visit the Contact Us page. 2025 2024 2023 2022 2021 More 2020 2019 2018 2014 2008 2004 2001 1996 1993 1992 1991 1990 1989 19",Major content change: 100.0% text altered
365,nichd-disability-research,NICHD Disability Research (tombstone — 404 as of 2026-03),NIH,https://www.nichd.nih.gov/research/supported/disability,2026-09-30T14:52:16.005996+00:00,CRITICAL,http_error,0.0,0.0,,,0.000,,,"--- before (2026-09-29)
+++ after (2026-09-30)
@@ -0,0 +1 @@
+Page Not Found | NICHD - Eunice Kennedy Shriver National Institute of Child Health and Human Development Skip to main content NIH Websites Are Changing NIH is moving the launch of its new website to the fall to ensure the best possible experience for everyone who relies on our websites for health information, research, funding opportunities, and other resources. Get the Latest Updates and FAQs Breadcrumb Share Instagram Print Page Not",HTTP 404 — page removed or inaccessible
366,nichd-research-programs,NICHD Research Programs,NIH,https://www.nichd.nih.gov/research/supported,2026-09-30T14:52:16.740525+00:00,CRITICAL,http_error,0.0,0.0,822,822,0.000,,,"--- before (2026-09-29)
+++ after (2026-09-30)
@@ -0,0 +1 @@
+Page Not Found | NICHD - Eunice Kennedy Shriver National Institute of Child Health and Human Development Skip to main content NIH Websites Are Changing NIH is moving the launch of its new website to the fall to ensure the best possible experience for everyone who relies on our websites for health information, research, funding opportunities, and other resources. Get the Latest Updates and FAQs Breadcrumb Share Instagram Print Page Not",HTTP 404 — page removed or inaccessible
367,nih-nidcd-data,NIH NIDCD Hearing/Disability Quick Statistics,NIH,https://www.nidcd.nih.gov/health/statistics/quick-statistics-hearing,2026-09-30T14:52:23.236271+00:00,HIGH,content_major,100.0,0.0,,,0.000,,,"--- before (2026-09-29)
+++ after (2026-09-30)
@@ -0,0 +1 @@
+Quick Statistics About Hearing, Balance, & Dizziness | NIDCD Skip to main content Official websites use .gov A .gov website belongs to an official government organization in the United States. Secure .gov websites use HTTPS A lock ( ) or https:// means you've safely connected to the .gov website. Share sensitive information only on official, secure websites. NIH Websites Are Changing NIH is moving the launch of its new website to the ",Major content change: 100.0% text altered
368,nci-data-portal,National Core Indicators Data Files,ACL,https://www.nationalcoreindicators.org/resources/data/,2026-09-30T14:52:23.237313+00:00,CRITICAL,external_redirect,0.0,0.0,84,84,0.000,,,"--- before (2026-09-29)
+++ after (2026-09-30)
@@ -0,0 +1 @@
+Resources | National Core Indicators National Core Indicators State Login Login » Username Password Forgot Password Old Homepage About Overview Indicators Mission History Staff NCI States Alabama Alaska Arizona Arkansas California Colorado Connecticut Delaware Florida Georgia Hawaii Idaho Illinois Indiana Kansas Kentucky Louisiana Maine Maryland Massachusetts Michigan Minnesota Mississippi Missouri Montana Nebraska Nevada New Hampshir",Redirected to non-.gov: https://legacy.nationalcoreindicators.org/resources/data
369,acl-home,ACL Homepage,ACL,https://acl.gov/,2026-09-30T14:52:29.764214+00:00,HIGH,content_major,100.0,0.0,,,0.000,,,"--- before (2026-09-29)
+++ after (2026-09-30)
@@ -0,0 +1 @@
+Home Page | ACL Administration for Community Living Skip to main content Official websites use .gov A .gov website belongs to an official government organization in the United States. Secure .gov websites use HTTPS A lock ( ) or https:// means you’ve safely connected to the .gov website. Share sensitive information only on official, secure websites. Find Help Announcements A - Z Browse Search MENU Menu × Advancing Community Living for",Major content change: 100.0% text altered
370,dol-odep-statistics,DOL ODEP Disability Statistics,DOL,https://www.dol.gov/agencies/odep/research-evaluation/statistics,2026-09-30T14:52:29.764941+00:00,HIGH,content_major,100.0,0.7,,,0.000,,,"--- before (2026-09-29)
+++ after (2026-09-30)
@@ -0,0 +1 @@
+Disability Employment Statistics | U.S. Department of Labor Skip to main content",Major content change: 100.0% text altered
371,bls-disability-release-toc,BLS Disability Employment News Release (TOC),BLS,https://www.bls.gov/news.release/disabl.toc.htm,2026-09-30T14:53:29.808841+00:00,HIGH,content_major,100.0,0.1,,,0.000,,,"--- before (2026-09-29)
+++ after (2026-09-30)
@@ -0,0 +1 @@
+Access Denied Bureau of Labor Statistics Access Denied The BLS is committed to providing data promptly and according to established schedules. Automated retrieval programs (commonly called ""robots"" or ""bots"") can cause delays and interfere with other customers' timely access to information. Therefore, bot activity that doesn't conform to BLS usage policy is prohibited. We apologize for any inconvenience. If you believe we have made an",Major content change: 100.0% text altered
372,bls-disability-data-tables,BLS Disability Employment Data Tables,BLS,https://www.bls.gov/news.release/disabl.nr0.htm,2026-09-30T14:54:29.871397+00:00,HIGH,content_major,100.0,0.1,,,0.000,,,"--- before (2026-09-29)
+++ after (2026-09-30)
@@ -0,0 +1 @@
+Access Denied Bureau of Labor Statistics Access Denied The BLS is committed to providing data promptly and according to established schedules. Automated retrieval programs (commonly called ""robots"" or ""bots"") can cause delays and interfere with other customers' timely access to information. Therefore, bot activity that doesn't conform to BLS usage policy is prohibited. We apologize for any inconvenience. If you believe we have made an",Major content change: 100.0% text altered
373,bls-disability-flat-files,BLS Employment Level — With Disability (CPS Series LNU02074593),BLS,https://api.bls.gov/publicAPI/v2/timeseries/data/LNU02074593?startyear=2023&endyear=2025,2026-09-30T14:54:29.872054+00:00,HIGH,content_major,100.0,0.0,4,4,0.000,,,"--- before (2026-09-29)
+++ after (2026-09-30)
@@ -0,0 +1,4 @@
+{""status"":""REQUEST_SUCCEEDED"",""responseTime"":70,""message"":[],""Results"":{

+""series"":

+[{""seriesID"":""LNU02074593"",""data"":[{""year"":""2025"",""period"":""M12"",""periodName"":""December"",""value"":""155260"",""footnotes"":[{}]},{""year"":""2025"",""period"":""M11"",""periodName"":""November"",""value"":""155143"",""footnotes"":[{}]},{""year"":""2025"",""period"":""M10"",""periodName"":""October"",""value"":""-"",""footnotes"":[{""code"":""9"",""text"":""Data unavailable due to the 2025 lapse",Major content change: 100.0% text altered
374,askjan-home,Job Accommodation Network Homepage,JAN,https://askjan.org/,2026-09-30T14:54:29.872685+00:00,HIGH,content_major,100.0,0.5,,,0.000,,,"--- before (2026-09-29)
+++ after (2026-09-30)
@@ -0,0 +1 @@
+JAN - Job Accommodation Network Skip to main navigation Skip to search Skip to content Open Search Close Search Search the site: Click to Search Contact Open Close Employers Individuals Toolkit A to Z Situations & Solutions Finder MyJAN Publications Training About JAN Search the site: Search Information By Role Toolkit A to Z of Disabilities & Accommodations ADA Library Situations & Solutions Finder MyJAN Publications Training About J",Major content change: 100.0% text altered
375,askjan-a-to-z,JAN A-to-Z Disability Index,JAN,https://askjan.org/a-to-z.cfm,2026-09-30T14:54:29.873454+00:00,HIGH,content_major,100.0,0.0,,,0.000,,,"--- before (2026-09-29)
+++ after (2026-09-30)
@@ -0,0 +1 @@
+A to Z of Disabilities and Accommodations Close Menu Close A to Z of Disabilities and Accommodations home If you are looking for information on job accommodations, the Americans with Disabilities Act or Rehabilitation Act, or topics related to disability employment, see the listings below for various topics covered by JAN. JAN provides the following A to Z listings by disability, topic, and limitation. This information is designed to ",Major content change: 100.0% text altered
376,ofccp-section503,OFCCP Section 503 Disability Page,DOL,https://www.dol.gov/agencies/ofccp/disability,2026-09-30T14:54:29.874222+00:00,CRITICAL,http_error,0.0,0.0,,,0.000,,,"--- before (2026-09-29)
+++ after (2026-09-30)
@@ -0,0 +1 @@
+Page Not Found | U.S. Department of Labor Skip to main content",HTTP 404 — page removed or inaccessible
377,ed-idea-data,IDEA Data Center,ED,https://sites.ed.gov/idea/data/,2026-09-30T14:54:30.520471+00:00,HIGH,content_major,100.0,0.2,,,0.000,,,"--- before (2026-09-29)
+++ after (2026-09-30)
@@ -0,0 +1 @@
+Azure WAF",Major content change: 100.0% text altered
378,ed-ocr-data,ED Office for Civil Rights Data Collection,ED,https://ocrdata.ed.gov/,2026-09-30T14:54:30.521547+00:00,HIGH,content_major,100.0,94.6,,,0.000,,,"--- before (2026-09-29)
+++ after (2026-09-30)
@@ -0,0 +1 @@
+Loading ...",Major content change: 100.0% text altered
379,ed-crdc-data-files,ED CRDC Downloadable Data Files,ED,https://ocrdata.ed.gov/resources/downloaddatafile,2026-09-30T14:54:30.522925+00:00,HIGH,content_major,100.0,94.6,,,0.000,,,"--- before (2026-09-29)
+++ after (2026-09-30)
@@ -0,0 +1 @@
+Loading ...",Major content change: 100.0% text altered
380,ed-special-ed-childcount,IDEA Child Count and Educational Environments,ED,https://sites.ed.gov/idea/data/child-count-and-educational-environments/,2026-09-30T14:54:30.523807+00:00,HIGH,content_major,100.0,0.1,,,0.000,,,"--- before (2026-09-29)
+++ after (2026-09-30)
@@ -0,0 +1 @@
+Azure WAF",Major content change: 100.0% text altered
381,ed-disability-page,ED Office of Special Education Programs,ED,https://www.ed.gov/about/offices/list/osers/osep/index.html,2026-09-30T14:54:30.524675+00:00,HIGH,content_major,100.0,0.1,,,0.000,,,"--- before (2026-09-29)
+++ after (2026-09-30)
@@ -0,0 +1 @@
+Azure WAF",Major content change: 100.0% text altered
382,hhs-disability-page,HHS Disability Topic Page,HHS,https://www.hhs.gov/programs/topic-sites/disability/index.html,2026-09-30T14:54:43.663295+00:00,HIGH,content_major,100.0,0.0,,,0.000,,,"--- before (2026-09-29)
+++ after (2026-09-30)
@@ -0,0 +1 @@
+Access Denied Access Denied You don't have permission to access ""http://www.hhs.gov/programs/topic-sites/disability/index.html"" on this server. Reference #18.a489cc17.1790779860.35c7c20a https://errors.edgesuite.net/18.a489cc17.1790779860.35c7c20a",Major content change: 100.0% text altered
383,hhs-section504,HHS Section 504 Civil Rights (Disability),HHS,https://www.hhs.gov/civil-rights/for-individuals/disability/index.html,2026-09-30T14:55:03.070162+00:00,HIGH,content_major,100.0,0.0,,,0.000,,,"--- before (2026-09-29)
+++ after (2026-09-30)
@@ -0,0 +1 @@
+[CDX proxy] digest= ts=20151225101824",Major content change: 100.0% text altered
384,hhs-open-data-catalog,HHS Open Data Catalog (data.json),HHS,https://www.hhs.gov/data.json,2026-09-30T14:55:03.070858+00:00,HIGH,content_major,100.0,0.0,,,0.000,,,"--- before (2026-09-29)
+++ after (2026-09-30)
@@ -0,0 +1,10 @@
+<HTML><HEAD>

+<TITLE>Access Denied</TITLE>

+</HEAD><BODY>

+<H1>Access Denied</H1>

+ 

+You don't have permission to access ""http&#58;&#47;&#47;www&#46;hhs&#46;gov&#47;data&#46;json"" on this server.<P>

+Reference&#32;&#35;18&#46;a489cc17&#46;1790779860&#46;35c7c31e

+<P>https&#58;&#47;&#47;errors&#46;edgesuite&#46;net&#47;18&#46;a489cc17&#46;1790779860&#46;35c7c31e</P>

+</BODY>

+</HTML>
",Major content change: 100.0% text altered
385,cms-dkan-disability-catalog,CMS Open Data Catalog (data.json),CMS,https://data.cms.gov/data.json,2026-09-30T14:55:03.071823+00:00,HIGH,content_major,100.0,78.1,6,12,0.000,,,"--- before (2026-09-29)
+++ after (2026-09-30)
@@ -0,0 +1 @@
+{""@id"":""https:\/\/data.cms.gov\/data.json"",""@type"":""Catalog"",""title"":""Data.CMS.gov DCAT-US v3 Catalog"",""description"":""DCAT-US v3 catalog for Data.CMS.gov public datasets."",""conformsTo"":{""@type"":""Standard"",""title"":""DCAT-US 3.0"",""identifier"":""https:\/\/resources.data.gov\/dcat-us\/3.0.0""},""publisher"":{""@type"":""Agent"",""name"":""Centers for Medicare & Medicaid Services (CMS)""},""contactPoint"":[{""@type"":""Kind"",""fn"":""Centers for Medicare & Med",Major content change: 100.0% text altered
386,cms-medicaid-ltss-data,CMS Medicare-Medicaid Dual Eligible Beneficiaries Summary,CMS,https://data.cms.gov/summary-statistics-on-beneficiaries/medicare-medicaid-dual-eligibility/medicare-medicaid-dual-eligible-beneficiaries-summary,2026-09-30T14:55:03.074009+00:00,HIGH,content_major,100.0,0.0,,,0.000,,,"--- before (2026-09-29)
+++ after (2026-09-30)
@@ -0,0 +1 @@
+Centers for Medicare & Medicaid Services Data",Major content change: 100.0% text altered
387,ssa-press-releases,SSA Press Releases RSS Feed,SSA,https://www.ssa.gov/rss/mr.xml,2026-10-01T15:22:16.869506+00:00,HIGH,content_major,100.0,0.5,,,0.000,,,"--- before (2026-09-30)
+++ after (2026-10-01)
@@ -0,0 +1 @@
+Access Denied Access Denied You don't have permission to access ""http://www.ssa.gov/rss/mr.xml"" on this server. Reference #18.84c1c917.1790868119.9249ac5 https://errors.edgesuite.net/18.84c1c917.1790868119.9249ac5",Major content change: 100.0% text altered
388,ssa-public-use-data-index,SSA Public-Use Data Files (DKAN Catalog),SSA,https://www.ssa.gov/data/api/1/metastore/schemas/dataset/items?show-reference-ids,2026-10-01T15:22:16.870056+00:00,HIGH,content_major,100.0,0.5,,,0.000,,,"--- before (2026-09-30)
+++ after (2026-10-01)
@@ -0,0 +1,10 @@
+<HTML><HEAD>

+<TITLE>Access Denied</TITLE>

+</HEAD><BODY>

+<H1>Access Denied</H1>

+ 

+You don't have permission to access ""http&#58;&#47;&#47;www&#46;ssa&#46;gov&#47;data&#47;api&#47;1&#47;metastore&#47;schemas&#47;dataset&#47;items&#63;"" on this server.<P>

+Reference&#32;&#35;18&#46;84c1c917&#46;1790868119&#46;9249ace

+<P>https&#58;&#47;&#47;errors&#46;edgesuite&#46;net&#47;18&#46;84c1c917&#46;1790868119&#46;9249ace</P>

+<",Major content change: 100.0% text altered
389,ssa-bepuf-2020,SSA Benefits & Earnings Public-Use File 2020 (DKAN),SSA,https://www.ssa.gov/data/api/1/dataset/bepuf-2020,2026-10-01T15:22:16.870425+00:00,HIGH,content_major,100.0,0.5,,,0.000,,,"--- before (2026-09-30)
+++ after (2026-10-01)
@@ -0,0 +1,10 @@
+<HTML><HEAD>

+<TITLE>Access Denied</TITLE>

+</HEAD><BODY>

+<H1>Access Denied</H1>

+ 

+You don't have permission to access ""http&#58;&#47;&#47;www&#46;ssa&#46;gov&#47;data&#47;api&#47;1&#47;dataset&#47;bepuf&#45;2020"" on this server.<P>

+Reference&#32;&#35;18&#46;84c1c917&#46;1790868119&#46;9249ac8

+<P>https&#58;&#47;&#47;errors&#46;edgesuite&#46;net&#47;18&#46;84c1c917&#46;1790868119&#46;9249ac8</P>

+</BODY>

+</HTML>
",Major content change: 100.0% text altered
390,ssa-epuf,SSA Earnings Public-Use File (DKAN),SSA,https://www.ssa.gov/data/api/1/dataset/epuf,2026-10-01T15:22:16.870779+00:00,HIGH,content_major,100.0,0.0,,,0.000,,,"--- before (2026-09-30)
+++ after (2026-10-01)
@@ -0,0 +1,10 @@
+<HTML><HEAD>

+<TITLE>Access Denied</TITLE>

+</HEAD><BODY>

+<H1>Access Denied</H1>

+ 

+You don't have permission to access ""http&#58;&#47;&#47;www&#46;ssa&#46;gov&#47;data&#47;api&#47;1&#47;dataset&#47;epuf"" on this server.<P>

+Reference&#32;&#35;18&#46;84c1c917&#46;1790868119&#46;9249aec

+<P>https&#58;&#47;&#47;errors&#46;edgesuite&#46;net&#47;18&#46;84c1c917&#46;1790868119&#46;9249aec</P>

+</BODY>

+</HTML>
",Major content change: 100.0% text altered
391,ssa-ssi-microdata,SSA SSI Public-Use Microdata File (DKAN),SSA,https://www.ssa.gov/data/api/1/dataset/ssr,2026-10-01T15:22:16.871156+00:00,HIGH,content_major,100.0,0.5,,,0.000,,,"--- before (2026-09-30)
+++ after (2026-10-01)
@@ -0,0 +1,10 @@
+<HTML><HEAD>

+<TITLE>Access Denied</TITLE>

+</HEAD><BODY>

+<H1>Access Denied</H1>

+ 

+You don't have permission to access ""http&#58;&#47;&#47;www&#46;ssa&#46;gov&#47;data&#47;api&#47;1&#47;dataset&#47;ssr"" on this server.<P>

+Reference&#32;&#35;18&#46;91c1c917&#46;1790868119&#46;304f490b

+<P>https&#58;&#47;&#47;errors&#46;edgesuite&#46;net&#47;18&#46;91c1c917&#46;1790868119&#46;304f490b</P>

+</BODY>

+</HTML>
",Major content change: 100.0% text altered
392,ssa-disability-insurance-stats,SSA SSDI Annual Statistical Report (DKAN),SSA,https://www.ssa.gov/data/api/1/dataset/di_asr,2026-10-01T15:22:16.871493+00:00,HIGH,content_major,100.0,0.5,,,0.000,,,"--- before (2026-09-30)
+++ after (2026-10-01)
@@ -0,0 +1,10 @@
+<HTML><HEAD>

+<TITLE>Access Denied</TITLE>

+</HEAD><BODY>

+<H1>Access Denied</H1>

+ 

+You don't have permission to access ""http&#58;&#47;&#47;www&#46;ssa&#46;gov&#47;data&#47;api&#47;1&#47;dataset&#47;di&#95;asr"" on this server.<P>

+Reference&#32;&#35;18&#46;9bc1c917&#46;1790868119&#46;a757e77

+<P>https&#58;&#47;&#47;errors&#46;edgesuite&#46;net&#47;18&#46;9bc1c917&#46;1790868119&#46;a757e77</P>

+</BODY>

+</HTML>
",Major content change: 100.0% text altered
393,ssa-ssi-annual-stats,SSA SSI Annual Statistical Report (DKAN),SSA,https://www.ssa.gov/data/api/1/dataset/ssi_asr,2026-10-01T15:22:16.871812+00:00,HIGH,content_major,100.0,0.0,,,0.000,,,"--- before (2026-09-30)
+++ after (2026-10-01)
@@ -0,0 +1,10 @@
+<HTML><HEAD>

+<TITLE>Access Denied</TITLE>

+</HEAD><BODY>

+<H1>Access Denied</H1>

+ 

+You don't have permission to access ""http&#58;&#47;&#47;www&#46;ssa&#46;gov&#47;data&#47;api&#47;1&#47;dataset&#47;ssi&#95;asr"" on this server.<P>

+Reference&#32;&#35;18&#46;9bc1c917&#46;1790868119&#46;a757e7f

+<P>https&#58;&#47;&#47;errors&#46;edgesuite&#46;net&#47;18&#46;9bc1c917&#46;1790868119&#46;a757e7f</P>

+</BODY>

+</HTML>
",Major content change: 100.0% text altered
394,ssa-open-data-catalog,SSA Open Data Catalog (DKAN API),SSA,https://www.ssa.gov/data/api/1/metastore/schemas/dataset/items?show-reference-ids,2026-10-01T15:22:16.872196+00:00,HIGH,content_major,100.0,0.9,,,0.000,,,"--- before (2026-09-30)
+++ after (2026-10-01)
@@ -0,0 +1,10 @@
+<HTML><HEAD>

+<TITLE>Access Denied</TITLE>

+</HEAD><BODY>

+<H1>Access Denied</H1>

+ 

+You don't have permission to access ""http&#58;&#47;&#47;www&#46;ssa&#46;gov&#47;data&#47;api&#47;1&#47;metastore&#47;schemas&#47;dataset&#47;items&#63;"" on this server.<P>

+Reference&#32;&#35;18&#46;91c1c917&#46;1790868119&#46;304f493d

+<P>https&#58;&#47;&#47;errors&#46;edgesuite&#46;net&#47;18&#46;91c1c917&#46;1790868119&#46;304f493d</P>

",Major content change: 100.0% text altered
395,cdc-soda-disability-catalog,CDC Open Data — Disability Dataset Catalog (SODA API),CDC,https://data.cdc.gov/api/views/metadata/v1?limit=100&searchContext=disability,2026-10-01T15:22:46.188865+00:00,HIGH,content_major,100.0,0.8,100,100,0.000,,,"--- before (2026-09-30)
+++ after (2026-10-01)
@@ -0,0 +1,1808 @@
+[ {

+  ""id"" : ""wxxp-vsvi"",

+  ""name"" : ""DRAFT_PRIVATE_TEST"",

+  ""attribution"" : null,

+  ""attributionLink"" : null,

+  ""category"" : null,

+  ""createdAt"" : ""2026-09-18T19:16:29+0000"",

+  ""dataUpdatedAt"" : ""2026-09-29T02:36:17+0000"",

+  ""dataUri"" : ""https://data.cdc.gov/resource/wxxp-vsvi"",

+  ""description"" : null,

+  ""domain"" : ""data.cdc.gov"",

+  ""externalId"" : null,

+  ""hideFromCatalog"" : false,

+  ""hideFromDataJson"" ",Major content change: 100.0% text altered
396,census-disability-tables,Census Bureau Disability Data Tables,Census,https://www.census.gov/topics/health/disability/data/tables.html,2026-10-01T15:22:46.191406+00:00,HIGH,content_major,100.0,0.0,,,0.000,,,"--- before (2026-09-30)
+++ after (2026-10-01)
@@ -0,0 +1 @@
+Disability Data Tables Disability Data Tables Skip Navigation Within Data Disability Data Tables Tables containing disability estimates from the American Community Survey (ACS) are available on data.census.gov . Many Tables available on www.census.gov are downloadable in XLS, CSV, and PDF file formats. Tables available in data.census.gov can be bookmarked/saved, printed and downloaded. The sources of the data published on census.gov a",Major content change: 100.0% text altered
397,census-disability-topic,Census Bureau Disability Topic Page,Census,https://www.census.gov/topics/health/disability.html,2026-10-01T15:22:46.191794+00:00,HIGH,content_major,100.0,0.0,,,0.000,,,"--- before (2026-09-30)
+++ after (2026-10-01)
@@ -0,0 +1 @@
+Disability Disability Skip Navigation Within Disability Disability The Census Bureau collects data on disability primarily through the American Community Survey (ACS) and the Survey of Income and Program Participation (SIPP). Featured Guidance for Disability Data Users Learn about subjects covered by the data and which data tool to use. Find out about handbooks, data users groups, and related topics. Disability Library Online collecti",Major content change: 100.0% text altered
398,census-sipp-disability,Census SIPP Datasets,Census,https://www.census.gov/programs-surveys/sipp/data/datasets.html,2026-10-01T15:22:46.192339+00:00,HIGH,content_major,100.0,0.0,64,64,0.000,,,"--- before (2026-09-30)
+++ after (2026-10-01)
@@ -0,0 +1 @@
+Survey of Income and Program Participation Datasets Survey of Income and Program Participation Datasets Skip Navigation Within Data Survey of Income and Program Participation Datasets Access SIPP data by year (2018-2025) or panel/wave (1984-2014) in the tabbed lists below. For SIPP data related questions, please visit the Contact Us page. 2025 2024 2023 2022 2021 More 2020 2019 2018 2014 2008 2004 2001 1996 1993 1992 1991 1990 1989 19",Major content change: 100.0% text altered
399,nichd-disability-research,NICHD Disability Research (tombstone — 404 as of 2026-03),NIH,https://www.nichd.nih.gov/research/supported/disability,2026-10-01T15:22:46.192723+00:00,CRITICAL,http_error,0.0,0.0,,,0.000,,,"--- before (2026-09-30)
+++ after (2026-10-01)
@@ -0,0 +1 @@
+Page Not Found | NICHD - Eunice Kennedy Shriver National Institute of Child Health and Human Development Skip to main content NIH Websites Are Changing NIH is moving the launch of its new website to the fall to ensure the best possible experience for everyone who relies on our websites for health information, research, funding opportunities, and other resources. Get the Latest Updates and FAQs Breadcrumb Share Instagram Print Page Not",HTTP 404 — page removed or inaccessible
400,nichd-research-programs,NICHD Research Programs,NIH,https://www.nichd.nih.gov/research/supported,2026-10-01T15:22:46.695330+00:00,CRITICAL,http_error,0.0,0.0,822,836,0.000,,,"--- before (2026-09-30)
+++ after (2026-10-01)
@@ -0,0 +1 @@
+Page Not Found | NICHD - Eunice Kennedy Shriver National Institute of Child Health and Human Development Skip to main content NIH Websites Are Changing NIH is moving the launch of its new website to the fall to ensure the best possible experience for everyone who relies on our websites for health information, research, funding opportunities, and other resources. Get the Latest Updates and FAQs Breadcrumb Share Instagram Print Page Not",HTTP 404 — page removed or inaccessible
401,nih-nidcd-data,NIH NIDCD Hearing/Disability Quick Statistics,NIH,https://www.nidcd.nih.gov/health/statistics/quick-statistics-hearing,2026-10-01T15:22:52.973196+00:00,HIGH,content_major,100.0,0.0,,,0.000,,,"--- before (2026-09-30)
+++ after (2026-10-01)
@@ -0,0 +1 @@
+Quick Statistics About Hearing, Balance, & Dizziness | NIDCD Skip to main content Official websites use .gov A .gov website belongs to an official government organization in the United States. Secure .gov websites use HTTPS A lock ( ) or https:// means you've safely connected to the .gov website. Share sensitive information only on official, secure websites. NIH Websites Are Changing NIH is moving the launch of its new website to the ",Major content change: 100.0% text altered
402,acl-data-research,ACL Aging and Disability Data and Research,ACL,https://acl.gov/aging-and-disability-in-america/data-and-research,2026-10-01T15:22:52.973847+00:00,HIGH,content_major,100.0,0.0,,,0.000,,,"--- before (2026-09-30)
+++ after (2026-10-01)
@@ -0,0 +1 @@
+Data and Research | ACL Administration for Community Living Skip to main content Official websites use .gov A .gov website belongs to an official government organization in the United States. Secure .gov websites use HTTPS A lock ( ) or https:// means you’ve safely connected to the .gov website. Share sensitive information only on official, secure websites. Find Help Announcements A - Z Browse Search MENU Menu × Home Data, Research & ",Major content change: 100.0% text altered
403,acl-programs,ACL Programs Directory,ACL,https://acl.gov/programs,2026-10-01T15:22:52.974331+00:00,HIGH,content_major,100.0,0.0,264,264,0.000,,,"--- before (2026-09-30)
+++ after (2026-10-01)
@@ -0,0 +1 @@
+Program and Policy Areas | ACL Administration for Community Living Skip to main content Official websites use .gov A .gov website belongs to an official government organization in the United States. Secure .gov websites use HTTPS A lock ( ) or https:// means you’ve safely connected to the .gov website. Share sensitive information only on official, secure websites. Find Help Announcements A - Z Browse Search MENU Menu × Home Program an",Major content change: 100.0% text altered
404,nci-data-portal,National Core Indicators Data Files,ACL,https://www.nationalcoreindicators.org/resources/data/,2026-10-01T15:22:52.974905+00:00,CRITICAL,external_redirect,0.0,0.0,84,84,0.000,,,"--- before (2026-09-30)
+++ after (2026-10-01)
@@ -0,0 +1 @@
+Resources | National Core Indicators National Core Indicators State Login Login » Username Password Forgot Password Old Homepage About Overview Indicators Mission History Staff NCI States Alabama Alaska Arizona Arkansas California Colorado Connecticut Delaware Florida Georgia Hawaii Idaho Illinois Indiana Kansas Kentucky Louisiana Maine Maryland Massachusetts Michigan Minnesota Mississippi Missouri Montana Nebraska Nevada New Hampshir",Redirected to non-.gov: https://legacy.nationalcoreindicators.org/resources/data
405,acl-home,ACL Homepage,ACL,https://acl.gov/,2026-10-01T15:22:59.246533+00:00,HIGH,content_major,100.0,0.1,,,0.000,,,"--- before (2026-09-30)
+++ after (2026-10-01)
@@ -0,0 +1 @@
+Home Page | ACL Administration for Community Living Skip to main content Official websites use .gov A .gov website belongs to an official government organization in the United States. Secure .gov websites use HTTPS A lock ( ) or https:// means you’ve safely connected to the .gov website. Share sensitive information only on official, secure websites. Find Help Announcements A - Z Browse Search MENU Menu × Advancing Community Living for",Major content change: 100.0% text altered
406,dol-odep-statistics,DOL ODEP Disability Statistics,DOL,https://www.dol.gov/agencies/odep/research-evaluation/statistics,2026-10-01T15:22:59.247106+00:00,HIGH,content_major,100.0,0.0,,,0.000,,,"--- before (2026-09-30)
+++ after (2026-10-01)
@@ -0,0 +1 @@
+Disability Employment Statistics | U.S. Department of Labor Skip to main content",Major content change: 100.0% text altered
407,bls-disability-release-toc,BLS Disability Employment News Release (TOC),BLS,https://www.bls.gov/news.release/disabl.toc.htm,2026-10-01T15:23:00.396015+00:00,HIGH,content_major,100.0,0.1,,,0.000,,,"--- before (2026-09-30)
+++ after (2026-10-01)
@@ -0,0 +1 @@
+[CDX proxy] digest= ts=20100831112452",Major content change: 100.0% text altered
408,bls-disability-data-tables,BLS Disability Employment Data Tables,BLS,https://www.bls.gov/news.release/disabl.nr0.htm,2026-10-01T15:23:07.748665+00:00,HIGH,content_major,100.0,0.1,,,0.000,,,"--- before (2026-09-30)
+++ after (2026-10-01)
@@ -0,0 +1 @@
+[CDX proxy] digest= ts=20100829052049",Major content change: 100.0% text altered
409,bls-disability-flat-files,BLS Employment Level — With Disability (CPS Series LNU02074593),BLS,https://api.bls.gov/publicAPI/v2/timeseries/data/LNU02074593?startyear=2023&endyear=2025,2026-10-01T15:23:07.749184+00:00,HIGH,content_major,100.0,0.0,4,4,0.000,,,"--- before (2026-09-30)
+++ after (2026-10-01)
@@ -0,0 +1,4 @@
+{""status"":""REQUEST_SUCCEEDED"",""responseTime"":83,""message"":[],""Results"":{

+""series"":

+[{""seriesID"":""LNU02074593"",""data"":[{""year"":""2025"",""period"":""M12"",""periodName"":""December"",""value"":""155260"",""footnotes"":[{}]},{""year"":""2025"",""period"":""M11"",""periodName"":""November"",""value"":""155143"",""footnotes"":[{}]},{""year"":""2025"",""period"":""M10"",""periodName"":""October"",""value"":""-"",""footnotes"":[{""code"":""9"",""text"":""Data unavailable due to the 2025 lapse",Major content change: 100.0% text altered
410,askjan-home,Job Accommodation Network Homepage,JAN,https://askjan.org/,2026-10-01T15:23:07.749608+00:00,HIGH,content_major,100.0,0.2,,,0.000,,,"--- before (2026-09-30)
+++ after (2026-10-01)
@@ -0,0 +1 @@
+JAN - Job Accommodation Network Skip to main navigation Skip to search Skip to content Open Search Close Search Search the site: Click to Search Contact Open Close Employers Individuals Toolkit A to Z Situations & Solutions Finder MyJAN Publications Training About JAN Search the site: Search Information By Role Toolkit A to Z of Disabilities & Accommodations ADA Library Situations & Solutions Finder MyJAN Publications Training About J",Major content change: 100.0% text altered
411,askjan-a-to-z,JAN A-to-Z Disability Index,JAN,https://askjan.org/a-to-z.cfm,2026-10-01T15:23:07.750154+00:00,HIGH,content_major,100.0,0.0,,,0.000,,,"--- before (2026-09-30)
+++ after (2026-10-01)
@@ -0,0 +1 @@
+A to Z of Disabilities and Accommodations Close Menu Close A to Z of Disabilities and Accommodations home If you are looking for information on job accommodations, the Americans with Disabilities Act or Rehabilitation Act, or topics related to disability employment, see the listings below for various topics covered by JAN. JAN provides the following A to Z listings by disability, topic, and limitation. This information is designed to ",Major content change: 100.0% text altered
412,ofccp-section503,OFCCP Section 503 Disability Page,DOL,https://www.dol.gov/agencies/ofccp/disability,2026-10-01T15:23:07.750715+00:00,CRITICAL,http_error,0.0,0.0,,,0.000,,,"--- before (2026-09-30)
+++ after (2026-10-01)
@@ -0,0 +1 @@
+Page Not Found | U.S. Department of Labor Skip to main content",HTTP 404 — page removed or inaccessible
413,ed-idea-data,IDEA Data Center,ED,https://sites.ed.gov/idea/data/,2026-10-01T15:23:08.038634+00:00,HIGH,content_major,100.0,0.2,,,0.000,,,"--- before (2026-09-30)
+++ after (2026-10-01)
@@ -0,0 +1 @@
+Azure WAF",Major content change: 100.0% text altered
414,ed-special-ed-childcount,IDEA Child Count and Educational Environments,ED,https://sites.ed.gov/idea/data/child-count-and-educational-environments/,2026-10-01T15:23:08.039204+00:00,HIGH,content_major,100.0,0.5,,,0.000,,,"--- before (2026-09-30)
+++ after (2026-10-01)
@@ -0,0 +1 @@
+Azure WAF",Major content change: 100.0% text altered
415,ed-disability-page,ED Office of Special Education Programs,ED,https://www.ed.gov/about/offices/list/osers/osep/index.html,2026-10-01T15:23:08.039552+00:00,HIGH,content_major,100.0,0.7,,,0.000,,,"--- before (2026-09-30)
+++ after (2026-10-01)
@@ -0,0 +1 @@
+Azure WAF",Major content change: 100.0% text altered
416,hhs-disability-page,HHS Disability Topic Page,HHS,https://www.hhs.gov/programs/topic-sites/disability/index.html,2026-10-01T15:23:18.732705+00:00,HIGH,content_major,100.0,0.0,,,0.000,,,"--- before (2026-09-30)
+++ after (2026-10-01)
@@ -0,0 +1 @@
+Access Denied Access Denied You don't have permission to access ""http://www.hhs.gov/programs/topic-sites/disability/index.html"" on this server. Reference #18.8c6d3e17.1790868125.639c82e9 https://errors.edgesuite.net/18.8c6d3e17.1790868125.639c82e9",Major content change: 100.0% text altered
417,hhs-open-data-catalog,HHS Open Data Catalog (data.json),HHS,https://www.hhs.gov/data.json,2026-10-01T15:23:25.624362+00:00,HIGH,content_major,100.0,0.0,,,0.000,,,"--- before (2026-09-30)
+++ after (2026-10-01)
@@ -0,0 +1,10 @@
+<HTML><HEAD>

+<TITLE>Access Denied</TITLE>

+</HEAD><BODY>

+<H1>Access Denied</H1>

+ 

+You don't have permission to access ""http&#58;&#47;&#47;www&#46;hhs&#46;gov&#47;data&#46;json"" on this server.<P>

+Reference&#32;&#35;18&#46;8c6d3e17&#46;1790868125&#46;639c83cd

+<P>https&#58;&#47;&#47;errors&#46;edgesuite&#46;net&#47;18&#46;8c6d3e17&#46;1790868125&#46;639c83cd</P>

+</BODY>

+</HTML>
",Major content change: 100.0% text altered
418,cms-dkan-disability-catalog,CMS Open Data Catalog (data.json),CMS,https://data.cms.gov/data.json,2026-10-01T15:23:25.625158+00:00,HIGH,content_major,100.0,0.8,12,12,0.000,,,"--- before (2026-09-30)
+++ after (2026-10-01)
@@ -0,0 +1 @@
+{""@id"":""https:\/\/data.cms.gov\/data.json"",""@type"":""Catalog"",""title"":""Data.CMS.gov DCAT-US v3 Catalog"",""description"":""DCAT-US v3 catalog for Data.CMS.gov public datasets."",""conformsTo"":{""@type"":""Standard"",""title"":""DCAT-US 3.0"",""identifier"":""https:\/\/resources.data.gov\/dcat-us\/3.0.0""},""publisher"":{""@type"":""Agent"",""name"":""Centers for Medicare & Medicaid Services (CMS)""},""contactPoint"":[{""@type"":""Kind"",""fn"":""Centers for Medicare & Med",Major content change: 100.0% text altered
419,ssa-press-releases,SSA Press Releases RSS Feed,SSA,https://www.ssa.gov/rss/mr.xml,2026-10-02T14:40:52.058620+00:00,HIGH,content_major,100.0,0.5,,,0.000,,,"--- before (2026-10-01)
+++ after (2026-10-02)
@@ -0,0 +1 @@
+Access Denied Access Denied You don't have permission to access ""http://www.ssa.gov/rss/mr.xml"" on this server. Reference #18.ca0e2017.1790952033.9c76ec09 https://errors.edgesuite.net/18.ca0e2017.1790952033.9c76ec09",Major content change: 100.0% text altered
420,ssa-public-use-data-index,SSA Public-Use Data Files (DKAN Catalog),SSA,https://www.ssa.gov/data/api/1/metastore/schemas/dataset/items?show-reference-ids,2026-10-02T14:40:52.059299+00:00,HIGH,content_major,100.0,0.5,,,0.000,,,"--- before (2026-10-01)
+++ after (2026-10-02)
@@ -0,0 +1,10 @@
+<HTML><HEAD>

+<TITLE>Access Denied</TITLE>

+</HEAD><BODY>

+<H1>Access Denied</H1>

+ 

+You don't have permission to access ""http&#58;&#47;&#47;www&#46;ssa&#46;gov&#47;data&#47;api&#47;1&#47;metastore&#47;schemas&#47;dataset&#47;items&#63;"" on this server.<P>

+Reference&#32;&#35;18&#46;ca0e2017&#46;1790952033&#46;9c76ebe1

+<P>https&#58;&#47;&#47;errors&#46;edgesuite&#46;net&#47;18&#46;ca0e2017&#46;1790952033&#46;9c76ebe1</P>

",Major content change: 100.0% text altered
421,ssa-bepuf-2020,SSA Benefits & Earnings Public-Use File 2020 (DKAN),SSA,https://www.ssa.gov/data/api/1/dataset/bepuf-2020,2026-10-02T14:40:52.059973+00:00,HIGH,content_major,100.0,0.5,,,0.000,,,"--- before (2026-10-01)
+++ after (2026-10-02)
@@ -0,0 +1,10 @@
+<HTML><HEAD>

+<TITLE>Access Denied</TITLE>

+</HEAD><BODY>

+<H1>Access Denied</H1>

+ 

+You don't have permission to access ""http&#58;&#47;&#47;www&#46;ssa&#46;gov&#47;data&#47;api&#47;1&#47;dataset&#47;bepuf&#45;2020"" on this server.<P>

+Reference&#32;&#35;18&#46;ca0e2017&#46;1790952033&#46;9c76ec1d

+<P>https&#58;&#47;&#47;errors&#46;edgesuite&#46;net&#47;18&#46;ca0e2017&#46;1790952033&#46;9c76ec1d</P>

+</BODY>

+</HTML>
",Major content change: 100.0% text altered
422,ssa-epuf,SSA Earnings Public-Use File (DKAN),SSA,https://www.ssa.gov/data/api/1/dataset/epuf,2026-10-02T14:40:52.060562+00:00,HIGH,content_major,100.0,0.5,,,0.000,,,"--- before (2026-10-01)
+++ after (2026-10-02)
@@ -0,0 +1,10 @@
+<HTML><HEAD>

+<TITLE>Access Denied</TITLE>

+</HEAD><BODY>

+<H1>Access Denied</H1>

+ 

+You don't have permission to access ""http&#58;&#47;&#47;www&#46;ssa&#46;gov&#47;data&#47;api&#47;1&#47;dataset&#47;epuf"" on this server.<P>

+Reference&#32;&#35;18&#46;cd0e2017&#46;1790952033&#46;3cd88a1a

+<P>https&#58;&#47;&#47;errors&#46;edgesuite&#46;net&#47;18&#46;cd0e2017&#46;1790952033&#46;3cd88a1a</P>

+</BODY>

+</HTML>
",Major content change: 100.0% text altered
423,ssa-ssi-microdata,SSA SSI Public-Use Microdata File (DKAN),SSA,https://www.ssa.gov/data/api/1/dataset/ssr,2026-10-02T14:40:52.061080+00:00,HIGH,content_major,100.0,0.0,,,0.000,,,"--- before (2026-10-01)
+++ after (2026-10-02)
@@ -0,0 +1,10 @@
+<HTML><HEAD>

+<TITLE>Access Denied</TITLE>

+</HEAD><BODY>

+<H1>Access Denied</H1>

+ 

+You don't have permission to access ""http&#58;&#47;&#47;www&#46;ssa&#46;gov&#47;data&#47;api&#47;1&#47;dataset&#47;ssr"" on this server.<P>

+Reference&#32;&#35;18&#46;cd0e2017&#46;1790952033&#46;3cd88a2e

+<P>https&#58;&#47;&#47;errors&#46;edgesuite&#46;net&#47;18&#46;cd0e2017&#46;1790952033&#46;3cd88a2e</P>

+</BODY>

+</HTML>
",Major content change: 100.0% text altered
424,ssa-disability-insurance-stats,SSA SSDI Annual Statistical Report (DKAN),SSA,https://www.ssa.gov/data/api/1/dataset/di_asr,2026-10-02T14:40:52.061598+00:00,HIGH,content_major,100.0,0.5,,,0.000,,,"--- before (2026-10-01)
+++ after (2026-10-02)
@@ -0,0 +1,10 @@
+<HTML><HEAD>

+<TITLE>Access Denied</TITLE>

+</HEAD><BODY>

+<H1>Access Denied</H1>

+ 

+You don't have permission to access ""http&#58;&#47;&#47;www&#46;ssa&#46;gov&#47;data&#47;api&#47;1&#47;dataset&#47;di&#95;asr"" on this server.<P>

+Reference&#32;&#35;18&#46;cd0e2017&#46;1790952033&#46;3cd88b37

+<P>https&#58;&#47;&#47;errors&#46;edgesuite&#46;net&#47;18&#46;cd0e2017&#46;1790952033&#46;3cd88b37</P>

+</BODY>

+</HTML>
",Major content change: 100.0% text altered
425,ssa-ssi-annual-stats,SSA SSI Annual Statistical Report (DKAN),SSA,https://www.ssa.gov/data/api/1/dataset/ssi_asr,2026-10-02T14:40:52.062070+00:00,HIGH,content_major,100.0,0.5,,,0.000,,,"--- before (2026-10-01)
+++ after (2026-10-02)
@@ -0,0 +1,10 @@
+<HTML><HEAD>

+<TITLE>Access Denied</TITLE>

+</HEAD><BODY>

+<H1>Access Denied</H1>

+ 

+You don't have permission to access ""http&#58;&#47;&#47;www&#46;ssa&#46;gov&#47;data&#47;api&#47;1&#47;dataset&#47;ssi&#95;asr"" on this server.<P>

+Reference&#32;&#35;18&#46;ca0e2017&#46;1790952033&#46;9c76ee01

+<P>https&#58;&#47;&#47;errors&#46;edgesuite&#46;net&#47;18&#46;ca0e2017&#46;1790952033&#46;9c76ee01</P>

+</BODY>

+</HTML>
",Major content change: 100.0% text altered
426,ssa-open-data-catalog,SSA Open Data Catalog (DKAN API),SSA,https://www.ssa.gov/data/api/1/metastore/schemas/dataset/items?show-reference-ids,2026-10-02T14:40:52.062574+00:00,HIGH,content_major,100.0,0.0,,,0.000,,,"--- before (2026-10-01)
+++ after (2026-10-02)
@@ -0,0 +1,10 @@
+<HTML><HEAD>

+<TITLE>Access Denied</TITLE>

+</HEAD><BODY>

+<H1>Access Denied</H1>

+ 

+You don't have permission to access ""http&#58;&#47;&#47;www&#46;ssa&#46;gov&#47;data&#47;api&#47;1&#47;metastore&#47;schemas&#47;dataset&#47;items&#63;"" on this server.<P>

+Reference&#32;&#35;18&#46;cd0e2017&#46;1790952033&#46;3cd88b03

+<P>https&#58;&#47;&#47;errors&#46;edgesuite&#46;net&#47;18&#46;cd0e2017&#46;1790952033&#46;3cd88b03</P>

",Major content change: 100.0% text altered
427,ssa-disability-benefits,SSA Sitemap (proxy for page availability),SSA,https://www.ssa.gov/sitemap.xml,2026-10-02T14:40:57.090105+00:00,HIGH,http_error,100.0,0.0,,,0.000,,,"--- before (2026-10-01)
+++ after (2026-10-02)
@@ -0,0 +1 @@
+Access Denied Access Denied You don't have permission to access ""http://www.ssa.gov/sitemap.xml"" on this server. Reference #18.ca0e2017.1790952033.9c76ecf8 https://errors.edgesuite.net/18.ca0e2017.1790952033.9c76ecf8",HTTP status changed: 200 → 403
428,ssa-bluebook-listings,SSA Blue Book Listing of Impairments,SSA,https://www.ssa.gov/disability/professionals/bluebook/listing-impairments.htm,2026-10-02T14:41:02.119869+00:00,HIGH,http_error,100.0,0.0,,,0.000,,,"--- before (2026-10-01)
+++ after (2026-10-02)
@@ -0,0 +1 @@
+Access Denied Access Denied You don't have permission to access ""http://www.ssa.gov/disability/professionals/bluebook/listing-impairments.htm"" on this server. Reference #18.cd0e2017.1790952033.3cd88b55 https://errors.edgesuite.net/18.cd0e2017.1790952033.3cd88b55",HTTP status changed: 200 → 403
429,cdc-soda-disability-catalog,CDC Open Data — Disability Dataset Catalog (SODA API),CDC,https://data.cdc.gov/api/views/metadata/v1?limit=100&searchContext=disability,2026-10-02T14:41:02.121782+00:00,HIGH,content_major,100.0,0.2,100,100,0.000,,,"--- before (2026-10-01)
+++ after (2026-10-02)
@@ -0,0 +1,1782 @@
+[ {

+  ""id"" : ""ahfs-x44r"",

+  ""name"" : ""Epidemic Trends and Rt: COVID-19, Influenza, and RSV at National, State, Local Level"",

+  ""attribution"" : ""Center for Forecasting and Outbreak Analytics"",

+  ""attributionLink"" : ""https://www.cdc.gov/cfa-modeling-and-forecasting/rt-estimates"",

+  ""category"" : ""Center for Forecasting and Outbreak Analytics"",

+  ""createdAt"" : ""2026-10-01T20:52:04+0000"",

+  ""dataUpdatedAt"" : ""2026-10-02T",Major content change: 100.0% text altered
430,cdc-wonder-home,CDC WONDER Query Interface,CDC,https://wonder.cdc.gov/,2026-10-02T14:41:02.125335+00:00,HIGH,content_major,100.0,0.0,,,0.000,,,"--- before (2026-10-01)
+++ after (2026-10-02)
@@ -0,0 +1 @@
+CDC WONDER Skip directly to site content Skip directly to page options Skip directly to A-Z link Skip directly to A-Z link Skip directly to A-Z link An official website of the United States government Here's how you know Official websites use .gov A .gov website belongs to an official government organization in the United States. Secure .gov websites use HTTPS A lock ( ) or https:// means you've safely connected to the .gov website. S",Major content change: 100.0% text altered
431,census-disability-tables,Census Bureau Disability Data Tables,Census,https://www.census.gov/topics/health/disability/data/tables.html,2026-10-02T14:41:02.126033+00:00,HIGH,content_major,100.0,0.0,,,0.000,,,"--- before (2026-10-01)
+++ after (2026-10-02)
@@ -0,0 +1 @@
+Disability Data Tables Disability Data Tables Skip Navigation Within Data Disability Data Tables Tables containing disability estimates from the American Community Survey (ACS) are available on data.census.gov . Many Tables available on www.census.gov are downloadable in XLS, CSV, and PDF file formats. Tables available in data.census.gov can be bookmarked/saved, printed and downloaded. The sources of the data published on census.gov a",Major content change: 100.0% text altered
432,census-disability-topic,Census Bureau Disability Topic Page,Census,https://www.census.gov/topics/health/disability.html,2026-10-02T14:41:02.126558+00:00,HIGH,content_major,100.0,0.0,,,0.000,,,"--- before (2026-10-01)
+++ after (2026-10-02)
@@ -0,0 +1 @@
+Disability Disability Skip Navigation Within Disability Disability The Census Bureau collects data on disability primarily through the American Community Survey (ACS) and the Survey of Income and Program Participation (SIPP). Featured Guidance for Disability Data Users Learn about subjects covered by the data and which data tool to use. Find out about handbooks, data users groups, and related topics. Disability Library Online collecti",Major content change: 100.0% text altered
433,census-sipp-disability,Census SIPP Datasets,Census,https://www.census.gov/programs-surveys/sipp/data/datasets.html,2026-10-02T14:41:02.127324+00:00,HIGH,content_major,100.0,0.0,64,64,0.000,,,"--- before (2026-10-01)
+++ after (2026-10-02)
@@ -0,0 +1 @@
+Survey of Income and Program Participation Datasets Survey of Income and Program Participation Datasets Skip Navigation Within Data Survey of Income and Program Participation Datasets Access SIPP data by year (2018-2025) or panel/wave (1984-2014) in the tabbed lists below. For SIPP data related questions, please visit the Contact Us page. 2025 2024 2023 2022 2021 More 2020 2019 2018 2014 2008 2004 2001 1996 1993 1992 1991 1990 1989 19",Major content change: 100.0% text altered
434,nichd-disability-research,NICHD Disability Research (tombstone — 404 as of 2026-03),NIH,https://www.nichd.nih.gov/research/supported/disability,2026-10-02T14:41:02.127852+00:00,CRITICAL,http_error,0.0,0.0,,,0.000,,,"--- before (2026-10-01)
+++ after (2026-10-02)
@@ -0,0 +1 @@
+Page Not Found | NICHD - Eunice Kennedy Shriver National Institute of Child Health and Human Development Skip to main content NIH Websites Are Changing NIH is moving the launch of its new website to the fall to ensure the best possible experience for everyone who relies on our websites for health information, research, funding opportunities, and other resources. Get the Latest Updates and FAQs Breadcrumb Share Instagram Print Page Not",HTTP 404 — page removed or inaccessible
435,nichd-research-programs,NICHD Research Programs,NIH,https://www.nichd.nih.gov/research/supported,2026-10-02T14:41:02.824403+00:00,CRITICAL,http_error,0.0,0.0,836,822,0.000,,,"--- before (2026-10-01)
+++ after (2026-10-02)
@@ -0,0 +1 @@
+Page Not Found | NICHD - Eunice Kennedy Shriver National Institute of Child Health and Human Development Skip to main content NIH Websites Are Changing NIH is moving the launch of its new website to the fall to ensure the best possible experience for everyone who relies on our websites for health information, research, funding opportunities, and other resources. Get the Latest Updates and FAQs Breadcrumb Share Instagram Print Page Not",HTTP 404 — page removed or inaccessible
436,nih-nidcd-data,NIH NIDCD Hearing/Disability Quick Statistics,NIH,https://www.nidcd.nih.gov/health/statistics/quick-statistics-hearing,2026-10-02T14:41:09.110912+00:00,HIGH,content_major,100.0,0.0,,,0.000,,,"--- before (2026-10-01)
+++ after (2026-10-02)
@@ -0,0 +1 @@
+Quick Statistics About Hearing, Balance, & Dizziness | NIDCD Skip to main content Official websites use .gov A .gov website belongs to an official government organization in the United States. Secure .gov websites use HTTPS A lock ( ) or https:// means you've safely connected to the .gov website. Share sensitive information only on official, secure websites. NIH Websites Are Changing NIH is moving the launch of its new website to the ",Major content change: 100.0% text altered
437,acl-data-research,ACL Aging and Disability Data and Research,ACL,https://acl.gov/aging-and-disability-in-america/data-and-research,2026-10-02T14:41:09.111834+00:00,HIGH,content_major,100.0,2.5,,,0.000,,,"--- before (2026-10-01)
+++ after (2026-10-02)
@@ -0,0 +1 @@
+Data and Research | ACL Administration for Community Living Skip to main content Official websites use .gov A .gov website belongs to an official government organization in the United States. Secure .gov websites use HTTPS A lock ( ) or https:// means you’ve safely connected to the .gov website. Share sensitive information only on official, secure websites. Find Help Announcements A - Z Browse Search MENU Menu × Home Data, Research & ",Major content change: 100.0% text altered
438,acl-programs,ACL Programs Directory,ACL,https://acl.gov/programs,2026-10-02T14:41:09.112411+00:00,HIGH,content_major,100.0,1.8,264,264,0.000,,,"--- before (2026-10-01)
+++ after (2026-10-02)
@@ -0,0 +1 @@
+Program and Policy Areas | ACL Administration for Community Living Skip to main content Official websites use .gov A .gov website belongs to an official government organization in the United States. Secure .gov websites use HTTPS A lock ( ) or https:// means you’ve safely connected to the .gov website. Share sensitive information only on official, secure websites. Find Help Announcements A - Z Browse Search MENU Menu × Home Program an",Major content change: 100.0% text altered
439,nci-data-portal,National Core Indicators Data Files,ACL,https://www.nationalcoreindicators.org/resources/data/,2026-10-02T14:41:09.113034+00:00,CRITICAL,external_redirect,0.0,0.0,84,84,0.000,,,"--- before (2026-10-01)
+++ after (2026-10-02)
@@ -0,0 +1 @@
+Resources | National Core Indicators National Core Indicators State Login Login » Username Password Forgot Password Old Homepage About Overview Indicators Mission History Staff NCI States Alabama Alaska Arizona Arkansas California Colorado Connecticut Delaware Florida Georgia Hawaii Idaho Illinois Indiana Kansas Kentucky Louisiana Maine Maryland Massachusetts Michigan Minnesota Mississippi Missouri Montana Nebraska Nevada New Hampshir",Redirected to non-.gov: https://legacy.nationalcoreindicators.org/resources/data
440,acl-home,ACL Homepage,ACL,https://acl.gov/,2026-10-02T14:41:15.435534+00:00,HIGH,content_major,100.0,2.3,,,0.000,,,"--- before (2026-10-01)
+++ after (2026-10-02)
@@ -0,0 +1 @@
+Home Page | ACL Administration for Community Living Skip to main content Official websites use .gov A .gov website belongs to an official government organization in the United States. Secure .gov websites use HTTPS A lock ( ) or https:// means you’ve safely connected to the .gov website. Share sensitive information only on official, secure websites. Find Help Announcements A - Z Browse Search MENU Menu × Advancing Community Living for",Major content change: 100.0% text altered
441,dol-odep-statistics,DOL ODEP Disability Statistics,DOL,https://www.dol.gov/agencies/odep/research-evaluation/statistics,2026-10-02T14:41:15.436302+00:00,HIGH,content_major,100.0,0.0,,,0.000,,,"--- before (2026-10-01)
+++ after (2026-10-02)
@@ -0,0 +1 @@
+Disability Employment Statistics | U.S. Department of Labor Skip to main content",Major content change: 100.0% text altered
442,bls-disability-data-tables,BLS Disability Employment Data Tables,BLS,https://www.bls.gov/news.release/disabl.nr0.htm,2026-10-02T14:41:31.220834+00:00,HIGH,http_error,100.0,0.0,,,0.000,,,"--- before (2026-10-01)
+++ after (2026-10-02)
@@ -0,0 +1 @@
+Access Denied Bureau of Labor Statistics Access Denied The BLS is committed to providing data promptly and according to established schedules. Automated retrieval programs (commonly called ""robots"" or ""bots"") can cause delays and interfere with other customers' timely access to information. Therefore, bot activity that doesn't conform to BLS usage policy is prohibited. We apologize for any inconvenience. If you believe we have made an",HTTP status changed: 200 → 403
443,bls-disability-flat-files,BLS Employment Level — With Disability (CPS Series LNU02074593),BLS,https://api.bls.gov/publicAPI/v2/timeseries/data/LNU02074593?startyear=2023&endyear=2025,2026-10-02T14:41:31.221692+00:00,HIGH,content_major,100.0,0.0,4,4,0.000,,,"--- before (2026-10-01)
+++ after (2026-10-02)
@@ -0,0 +1,4 @@
+{""status"":""REQUEST_SUCCEEDED"",""responseTime"":66,""message"":[],""Results"":{

+""series"":

+[{""seriesID"":""LNU02074593"",""data"":[{""year"":""2025"",""period"":""M12"",""periodName"":""December"",""value"":""155260"",""footnotes"":[{}]},{""year"":""2025"",""period"":""M11"",""periodName"":""November"",""value"":""155143"",""footnotes"":[{}]},{""year"":""2025"",""period"":""M10"",""periodName"":""October"",""value"":""-"",""footnotes"":[{""code"":""9"",""text"":""Data unavailable due to the 2025 lapse",Major content change: 100.0% text altered
444,askjan-home,Job Accommodation Network Homepage,JAN,https://askjan.org/,2026-10-02T14:41:31.222284+00:00,HIGH,content_major,100.0,0.1,,,0.000,,,"--- before (2026-10-01)
+++ after (2026-10-02)
@@ -0,0 +1 @@
+JAN - Job Accommodation Network Skip to main navigation Skip to search Skip to content Open Search Close Search Search the site: Click to Search Contact Open Close Employers Individuals Toolkit A to Z Situations & Solutions Finder MyJAN Publications Training About JAN Search the site: Search Information By Role Toolkit A to Z of Disabilities & Accommodations ADA Library Situations & Solutions Finder MyJAN Publications Training About J",Major content change: 100.0% text altered
445,askjan-a-to-z,JAN A-to-Z Disability Index,JAN,https://askjan.org/a-to-z.cfm,2026-10-02T14:41:31.222972+00:00,HIGH,content_major,100.0,0.0,,,0.000,,,"--- before (2026-10-01)
+++ after (2026-10-02)
@@ -0,0 +1 @@
+A to Z of Disabilities and Accommodations Close Menu Close A to Z of Disabilities and Accommodations home If you are looking for information on job accommodations, the Americans with Disabilities Act or Rehabilitation Act, or topics related to disability employment, see the listings below for various topics covered by JAN. JAN provides the following A to Z listings by disability, topic, and limitation. This information is designed to ",Major content change: 100.0% text altered
446,ofccp-section503,OFCCP Section 503 Disability Page,DOL,https://www.dol.gov/agencies/ofccp/disability,2026-10-02T14:41:31.223748+00:00,CRITICAL,http_error,0.0,0.0,,,0.000,,,"--- before (2026-10-01)
+++ after (2026-10-02)
@@ -0,0 +1 @@
+Page Not Found | U.S. Department of Labor Skip to main content",HTTP 404 — page removed or inaccessible
447,ed-idea-data,IDEA Data Center,ED,https://sites.ed.gov/idea/data/,2026-10-02T14:41:31.535498+00:00,HIGH,content_major,100.0,0.1,,,0.000,,,"--- before (2026-10-01)
+++ after (2026-10-02)
@@ -0,0 +1 @@
+Azure WAF",Major content change: 100.0% text altered
448,ed-special-ed-childcount,IDEA Child Count and Educational Environments,ED,https://sites.ed.gov/idea/data/child-count-and-educational-environments/,2026-10-02T14:41:31.536118+00:00,HIGH,content_major,100.0,0.2,,,0.000,,,"--- before (2026-10-01)
+++ after (2026-10-02)
@@ -0,0 +1 @@
+Azure WAF",Major content change: 100.0% text altered
449,ed-disability-page,ED Office of Special Education Programs,ED,https://www.ed.gov/about/offices/list/osers/osep/index.html,2026-10-02T14:41:31.536505+00:00,HIGH,content_major,100.0,0.3,,,0.000,,,"--- before (2026-10-01)
+++ after (2026-10-02)
@@ -0,0 +1 @@
+Azure WAF",Major content change: 100.0% text altered
450,hhs-disability-page,HHS Disability Topic Page,HHS,https://www.hhs.gov/programs/topic-sites/disability/index.html,2026-10-02T14:42:25.709994+00:00,HIGH,content_major,100.0,0.0,,,0.000,,,"--- before (2026-10-01)
+++ after (2026-10-02)
@@ -0,0 +1 @@
+Access Denied Access Denied You don't have permission to access ""http://www.hhs.gov/programs/topic-sites/disability/index.html"" on this server. Reference #18.716c3817.1790952039.45dc9b11 https://errors.edgesuite.net/18.716c3817.1790952039.45dc9b11",Major content change: 100.0% text altered
451,hhs-open-data-catalog,HHS Open Data Catalog (data.json),HHS,https://www.hhs.gov/data.json,2026-10-02T14:42:34.094694+00:00,HIGH,content_major,100.0,0.0,,,0.000,,,"--- before (2026-10-01)
+++ after (2026-10-02)
@@ -0,0 +1,10 @@
+<HTML><HEAD>

+<TITLE>Access Denied</TITLE>

+</HEAD><BODY>

+<H1>Access Denied</H1>

+ 

+You don't have permission to access ""http&#58;&#47;&#47;www&#46;hhs&#46;gov&#47;data&#46;json"" on this server.<P>

+Reference&#32;&#35;18&#46;716c3817&#46;1790952039&#46;45dc9b37

+<P>https&#58;&#47;&#47;errors&#46;edgesuite&#46;net&#47;18&#46;716c3817&#46;1790952039&#46;45dc9b37</P>

+</BODY>

+</HTML>
",Major content change: 100.0% text altered
452,gsa-section508,Section508.gov (GSA IT Accessibility Program),GSA,https://www.section508.gov/,2026-10-02T14:42:34.095374+00:00,HIGH,content_major,100.0,0.0,,,0.000,,,"--- before (2026-10-01)
+++ after (2026-10-02)
@@ -0,0 +1 @@
+Home | Section508.gov Skip to main content Official websites use .gov A .gov website belongs to an official government organization in the United States. Secure .gov websites use HTTPS A lock ( ) or https:// means you’ve safely connected to the .gov website. Share sensitive information only on official, secure websites. ˄ Top Section 508 of the Rehabilitation Act Check your solicitation for Section 508 compliance Explore the updated S",Major content change: 100.0% text altered
453,cms-dkan-disability-catalog,CMS Open Data Catalog (data.json),CMS,https://data.cms.gov/data.json,2026-10-02T14:42:34.096141+00:00,HIGH,content_major,100.0,0.1,12,12,0.000,,,"--- before (2026-10-01)
+++ after (2026-10-02)
@@ -0,0 +1 @@
+{""@id"":""https:\/\/data.cms.gov\/data.json"",""@type"":""Catalog"",""title"":""Data.CMS.gov DCAT-US v3 Catalog"",""description"":""DCAT-US v3 catalog for Data.CMS.gov public datasets."",""conformsTo"":{""@type"":""Standard"",""title"":""DCAT-US 3.0"",""identifier"":""https:\/\/resources.data.gov\/dcat-us\/3.0.0""},""publisher"":{""@type"":""Agent"",""name"":""Centers for Medicare & Medicaid Services (CMS)""},""contactPoint"":[{""@type"":""Kind"",""fn"":""Centers for Medicare & Med",Major content change: 100.0% text altered
